,uf,municipio,cod_municipio,zona,secao,modelo_urna,22,13,branco,nulo,comparecimentos,aptos
0,RR,CAROEBE,03000,0004,0011,UE2015,139,36,0,0,175,209
1,RR,CAROEBE,03000,0004,0012,UE2015,139,34,0,4,177,212
2,RR,CAROEBE,03000,0004,0013,UE2015,139,27,1,2,169,209
3,RR,CAROEBE,03000,0004,0014,UE2020,189,51,1,1,242,289
4,RR,CAROEBE,03000,0004,0015,UE2020,189,45,0,4,238,284
5,RR,CAROEBE,03000,0004,0016,UE2020,159,35,2,2,198,242
6,RR,CAROEBE,03000,0004,0017,UE2020,189,38,2,5,234,290
7,RR,CAROEBE,03000,0004,0018,UE2020,195,28,1,3,227,288
8,RR,CAROEBE,03000,0004,0019,UE2020,160,33,1,3,197,235
9,RR,CAROEBE,03000,0004,0020,UE2020,157,41,3,5,206,243
10,RR,CAROEBE,03000,0004,0053,UE2015,146,27,0,1,174,214
11,RR,CAROEBE,03000,0004,0063,UE2015,22,127,1,2,152,184
12,RR,CAROEBE,03000,0004,0064,UE2020,135,39,2,3,179,237
13,RR,CAROEBE,03000,0004,0065,UE2015,138,52,0,4,194,237
14,RR,CAROEBE,03000,0004,0074,UE2020,186,27,0,2,215,282
15,RR,CAROEBE,03000,0004,0075,UE2020,202,31,0,1,234,290
16,RR,CAROEBE,03000,0004,0084,UE2020,258,54,2,2,316,388
17,RR,CAROEBE,03000,0004,0089,UE2020,153,30,5,3,191,240
18,RR,CAROEBE,03000,0004,0092,UE2015,139,35,0,1,175,213
19,RR,CAROEBE,03000,0004,0099,UE2020,128,32,1,1,162,196
20,RR,CAROEBE,03000,0004,0104,UE2020,205,23,2,5,235,288
21,RR,CAROEBE,03000,0004,0107,UE2015,140,33,0,2,175,213
22,RR,CAROEBE,03000,0004,0123,UE2020,190,34,1,3,228,292
23,RR,CAROEBE,03000,0004,0125,UE2015,132,27,1,1,161,207
24,RR,CAROEBE,03000,0004,0126,UE2020,129,33,2,5,169,234
25,RR,CAROEBE,03000,0004,0131,UE2020,177,47,2,0,226,266
26,RR,BOA VISTA,03018,0001,0001,UE2020,184,51,1,7,243,312
27,RR,BOA VISTA,03018,0001,0002,UE2020,199,44,1,1,245,309
28,RR,BOA VISTA,03018,0001,0003,UE2020,197,46,2,3,248,300
29,RR,BOA VISTA,03018,0001,0004,UE2020,189,60,2,2,253,299
30,RR,BOA VISTA,03018,0001,0005,UE2020,180,56,3,4,243,301
31,RR,BOA VISTA,03018,0001,0006,UE2020,190,50,1,5,246,302
32,RR,BOA VISTA,03018,0001,0007,UE2020,159,48,0,5,212,271
33,RR,BOA VISTA,03018,0001,0020,UE2020,132,34,3,6,175,211
34,RR,BOA VISTA,03018,0001,0022,UE2020,177,49,4,3,233,297
35,RR,BOA VISTA,03018,0001,0023,UE2020,202,67,1,2,272,336
36,RR,BOA VISTA,03018,0001,0024,UE2020,126,47,2,3,178,210
37,RR,BOA VISTA,03018,0001,0025,UE2020,125,43,2,1,171,208
38,RR,BOA VISTA,03018,0001,0026,UE2020,222,49,2,8,281,333
39,RR,BOA VISTA,03018,0001,0027,UE2020,144,31,0,2,177,207
40,RR,BOA VISTA,03018,0001,0028,UE2020,196,40,0,4,240,294
41,RR,BOA VISTA,03018,0001,0029,UE2020,186,45,2,3,236,293
42,RR,BOA VISTA,03018,0001,0030,UE2020,179,38,3,3,223,290
43,RR,BOA VISTA,03018,0001,0031,UE2020,172,45,3,1,221,289
44,RR,BOA VISTA,03018,0001,0032,UE2020,251,44,1,1,297,376
45,RR,BOA VISTA,03018,0001,0035,UE2020,235,67,5,4,311,361
46,RR,BOA VISTA,03018,0001,0037,UE2020,219,61,3,5,288,353
47,RR,BOA VISTA,03018,0001,0038,UE2020,195,56,5,2,258,315
48,RR,BOA VISTA,03018,0001,0039,UE2020,203,65,3,5,276,350
49,RR,BOA VISTA,03018,0001,0040,UE2020,193,58,1,3,255,351
50,RR,BOA VISTA,03018,0001,0041,UE2020,211,52,2,3,268,348
51,RR,BOA VISTA,03018,0001,0042,UE2020,249,67,7,3,326,393
52,RR,BOA VISTA,03018,0001,0043,UE2020,205,58,10,6,279,333
53,RR,BOA VISTA,03018,0001,0044,UE2020,193,65,3,3,264,332
54,RR,BOA VISTA,03018,0001,0045,UE2020,194,59,3,9,265,337
55,RR,BOA VISTA,03018,0001,0046,UE2020,147,40,1,3,191,237
56,RR,BOA VISTA,03018,0001,0047,UE2020,157,39,3,7,206,242
57,RR,BOA VISTA,03018,0001,0048,UE2020,176,55,1,5,237,288
58,RR,BOA VISTA,03018,0001,0049,UE2020,178,54,4,3,239,290
59,RR,BOA VISTA,03018,0001,0050,UE2020,162,48,6,1,217,285
60,RR,BOA VISTA,03018,0001,0052,UE2020,181,62,3,2,248,298
61,RR,BOA VISTA,03018,0001,0053,UE2020,172,47,1,4,224,267
62,RR,BOA VISTA,03018,0001,0054,UE2020,173,56,2,5,236,296
63,RR,BOA VISTA,03018,0001,0055,UE2020,174,54,2,4,234,296
64,RR,BOA VISTA,03018,0001,0056,UE2020,250,53,2,5,310,369
65,RR,BOA VISTA,03018,0001,0058,UE2020,216,50,1,2,269,332
66,RR,BOA VISTA,03018,0001,0059,UE2020,204,44,3,3,254,326
67,RR,BOA VISTA,03018,0001,0060,UE2020,165,37,0,4,206,244
68,RR,BOA VISTA,03018,0001,0063,UE2020,232,60,4,1,297,372
69,RR,BOA VISTA,03018,0001,0064,UE2020,218,59,2,3,282,338
70,RR,BOA VISTA,03018,0001,0065,UE2020,227,50,2,5,284,360
71,RR,BOA VISTA,03018,0001,0067,UE2020,229,45,3,3,280,337
72,RR,BOA VISTA,03018,0001,0068,UE2020,175,44,2,5,226,278
73,RR,BOA VISTA,03018,0001,0069,UE2020,239,51,0,7,297,368
74,RR,BOA VISTA,03018,0001,0070,UE2020,145,50,3,0,198,238
75,RR,BOA VISTA,03018,0001,0071,UE2020,154,48,2,5,209,246
76,RR,BOA VISTA,03018,0001,0072,UE2020,146,41,4,3,194,237
77,RR,BOA VISTA,03018,0001,0073,UE2020,164,41,0,5,210,247
78,RR,BOA VISTA,03018,0001,0074,UE2020,164,69,5,4,242,293
79,RR,BOA VISTA,03018,0001,0075,UE2020,198,80,3,7,288,342
80,RR,BOA VISTA,03018,0001,0076,UE2020,217,55,3,10,285,353
81,RR,BOA VISTA,03018,0001,0077,UE2020,180,65,2,7,254,298
82,RR,BOA VISTA,03018,0001,0078,UE2020,167,46,1,8,222,286
83,RR,BOA VISTA,03018,0001,0079,UE2020,109,31,2,3,145,165
84,RR,BOA VISTA,03018,0001,0080,UE2020,115,50,2,3,170,210
85,RR,BOA VISTA,03018,0001,0081,UE2020,146,54,3,2,205,252
86,RR,BOA VISTA,03018,0001,0082,UE2020,239,65,2,7,313,384
87,RR,BOA VISTA,03018,0001,0085,UE2020,173,64,0,3,240,300
88,RR,BOA VISTA,03018,0001,0087,UE2020,134,43,1,2,180,233
89,RR,BOA VISTA,03018,0001,0088,UE2020,211,64,2,2,279,350
90,RR,BOA VISTA,03018,0001,0090,UE2020,201,81,9,2,293,348
91,RR,BOA VISTA,03018,0001,0091,UE2020,158,73,5,6,242,293
92,RR,BOA VISTA,03018,0001,0092,UE2020,138,51,3,4,196,248
93,RR,BOA VISTA,03018,0001,0093,UE2020,157,47,3,1,208,250
94,RR,BOA VISTA,03018,0001,0096,UE2020,177,53,0,2,232,292
95,RR,BOA VISTA,03018,0001,0098,UE2020,173,60,3,4,240,299
96,RR,BOA VISTA,03018,0001,0100,UE2020,137,37,2,0,176,242
97,RR,BOA VISTA,03018,0001,0101,UE2020,140,57,1,6,204,242
98,RR,BOA VISTA,03018,0001,0104,UE2020,138,48,3,5,194,239
99,RR,BOA VISTA,03018,0001,0105,UE2020,150,43,4,4,201,242
100,RR,BOA VISTA,03018,0001,0106,UE2020,176,53,2,2,233,292
101,RR,BOA VISTA,03018,0001,0117,UE2020,209,66,4,5,284,347
102,RR,BOA VISTA,03018,0001,0118,UE2020,164,64,4,3,235,287
103,RR,BOA VISTA,03018,0001,0156,UE2020,245,67,5,8,325,395
104,RR,BOA VISTA,03018,0001,0167,UE2020,165,59,2,2,228,271
105,RR,BOA VISTA,03018,0001,0169,UE2020,155,29,3,1,188,211
106,RR,BOA VISTA,03018,0001,0170,UE2020,200,52,2,4,258,333
107,RR,BOA VISTA,03018,0001,0171,UE2020,194,42,0,3,239,284
108,RR,BOA VISTA,03018,0001,0176,UE2020,140,25,2,6,173,217
109,RR,BOA VISTA,03018,0001,0177,UE2020,141,32,2,4,179,218
110,RR,BOA VISTA,03018,0001,0179,UE2020,193,48,0,2,243,294
111,RR,BOA VISTA,03018,0001,0180,UE2020,215,52,4,2,273,327
112,RR,BOA VISTA,03018,0001,0181,UE2020,214,67,5,3,289,338
113,RR,BOA VISTA,03018,0001,0183,UE2020,185,66,3,2,256,300
114,RR,BOA VISTA,03018,0001,0185,UE2020,230,37,5,0,272,355
115,RR,BOA VISTA,03018,0001,0186,UE2020,166,63,1,1,231,290
116,RR,BOA VISTA,03018,0001,0187,UE2020,166,32,3,3,204,247
117,RR,BOA VISTA,03018,0001,0189,UE2020,151,44,1,2,198,241
118,RR,BOA VISTA,03018,0001,0200,UE2020,204,47,0,9,260,326
119,RR,BOA VISTA,03018,0001,0201,UE2020,160,38,1,2,201,237
120,RR,BOA VISTA,03018,0001,0202,UE2020,227,75,3,6,311,392
121,RR,BOA VISTA,03018,0001,0203,UE2020,186,48,2,6,242,291
122,RR,BOA VISTA,03018,0001,0204,UE2020,154,39,4,1,198,238
123,RR,BOA VISTA,03018,0001,0205,UE2020,119,50,2,1,172,207
124,RR,BOA VISTA,03018,0001,0206,UE2020,170,61,3,6,240,292
125,RR,BOA VISTA,03018,0001,0208,UE2020,170,61,5,6,242,271
126,RR,BOA VISTA,03018,0001,0209,UE2020,155,53,3,5,216,270
127,RR,BOA VISTA,03018,0001,0210,UE2020,162,56,2,4,224,272
128,RR,BOA VISTA,03018,0001,0211,UE2020,139,35,4,3,181,220
129,RR,BOA VISTA,03018,0001,0212,UE2020,128,46,1,1,176,209
130,RR,BOA VISTA,03018,0001,0221,UE2020,209,58,4,2,273,323
131,RR,BOA VISTA,03018,0001,0222,UE2020,171,56,4,1,232,272
132,RR,BOA VISTA,03018,0001,0223,UE2020,178,55,3,6,242,271
133,RR,BOA VISTA,03018,0001,0226,UE2020,201,69,3,3,276,334
134,RR,BOA VISTA,03018,0001,0229,UE2020,228,42,2,4,276,339
135,RR,BOA VISTA,03018,0001,0231,UE2020,185,46,2,0,233,284
136,RR,BOA VISTA,03018,0001,0233,UE2020,198,66,3,1,268,308
137,RR,BOA VISTA,03018,0001,0234,UE2020,167,67,2,1,237,278
138,RR,BOA VISTA,03018,0001,0237,UE2020,218,53,3,5,279,322
139,RR,BOA VISTA,03018,0001,0239,UE2020,187,40,3,3,233,291
140,RR,BOA VISTA,03018,0001,0241,UE2020,179,44,3,4,230,274
141,RR,BOA VISTA,03018,0001,0242,UE2020,161,41,3,3,208,251
142,RR,BOA VISTA,03018,0001,0252,UE2020,206,68,4,8,286,348
143,RR,BOA VISTA,03018,0001,0259,UE2020,206,60,2,2,270,337
144,RR,BOA VISTA,03018,0001,0262,UE2020,169,53,3,4,229,268
145,RR,BOA VISTA,03018,0001,0266,UE2020,193,77,1,5,276,348
146,RR,BOA VISTA,03018,0001,0268,UE2020,179,48,2,1,230,283
147,RR,BOA VISTA,03018,0001,0276,UE2020,185,59,3,2,249,295
148,RR,BOA VISTA,03018,0001,0287,UE2020,222,46,1,3,272,329
149,RR,BOA VISTA,03018,0001,0288,UE2020,113,34,1,2,150,180
150,RR,BOA VISTA,03018,0001,0289,UE2020,212,50,0,2,264,308
151,RR,BOA VISTA,03018,0001,0290,UE2020,169,59,2,3,233,284
152,RR,BOA VISTA,03018,0001,0295,UE2020,109,49,2,4,164,200
153,RR,BOA VISTA,03018,0001,0307,UE2020,254,48,4,5,311,372
154,RR,BOA VISTA,03018,0001,0309,UE2020,218,58,2,2,280,336
155,RR,BOA VISTA,03018,0001,0315,UE2020,190,57,3,1,251,313
156,RR,BOA VISTA,03018,0001,0316,UE2020,173,58,1,4,236,283
157,RR,BOA VISTA,03018,0001,0317,UE2020,170,53,4,6,233,265
158,RR,BOA VISTA,03018,0001,0327,UE2020,193,99,2,8,302,347
159,RR,BOA VISTA,03018,0001,0328,UE2020,146,48,4,3,201,248
160,RR,BOA VISTA,03018,0001,0333,UE2020,190,31,2,1,224,256
161,RR,BOA VISTA,03018,0001,0334,UE2020,204,54,2,3,263,316
162,RR,BOA VISTA,03018,0001,0340,UE2020,165,51,2,5,223,268
163,RR,BOA VISTA,03018,0001,0341,UE2020,136,54,4,4,198,240
164,RR,BOA VISTA,03018,0001,0345,UE2020,158,59,4,6,227,277
165,RR,BOA VISTA,03018,0001,0355,UE2020,186,98,2,4,290,355
166,RR,BOA VISTA,03018,0001,0361,UE2020,244,40,0,4,288,359
167,RR,BOA VISTA,03018,0001,0362,UE2020,196,51,5,7,259,337
168,RR,BOA VISTA,03018,0001,0363,UE2020,144,29,3,3,179,214
169,RR,BOA VISTA,03018,0001,0367,UE2020,194,50,9,2,255,303
170,RR,BOA VISTA,03018,0001,0377,UE2020,218,64,2,4,288,333
171,RR,BOA VISTA,03018,0001,0378,UE2020,177,44,1,2,224,280
172,RR,BOA VISTA,03018,0001,0379,UE2020,157,63,6,1,227,290
173,RR,BOA VISTA,03018,0001,0381,UE2020,169,54,2,1,226,273
174,RR,BOA VISTA,03018,0001,0382,UE2020,178,49,2,6,235,270
175,RR,BOA VISTA,03018,0001,0383,UE2020,174,57,3,4,238,293
176,RR,BOA VISTA,03018,0001,0389,UE2020,171,47,2,2,222,262
177,RR,BOA VISTA,03018,0001,0407,UE2020,228,51,3,1,283,336
178,RR,BOA VISTA,03018,0001,0409,UE2020,214,46,5,6,271,345
179,RR,BOA VISTA,03018,0001,0410,UE2020,199,42,2,2,245,292
180,RR,BOA VISTA,03018,0001,0416,UE2020,172,61,3,1,237,271
181,RR,BOA VISTA,03018,0001,0418,UE2020,209,51,2,0,262,328
182,RR,BOA VISTA,03018,0001,0421,UE2020,211,42,3,6,262,314
183,RR,BOA VISTA,03018,0001,0429,UE2020,206,59,3,4,272,329
184,RR,BOA VISTA,03018,0001,0458,UE2020,204,51,0,6,261,318
185,RR,BOA VISTA,03018,0001,0460,UE2020,163,62,1,2,228,285
186,RR,BOA VISTA,03018,0001,0466,UE2020,212,50,4,5,271,322
187,RR,BOA VISTA,03018,0001,0467,UE2020,171,59,3,2,235,274
188,RR,BOA VISTA,03018,0001,0472,UE2020,160,56,4,5,225,285
189,RR,BOA VISTA,03018,0001,0475,UE2020,186,51,4,3,244,284
190,RR,BOA VISTA,03018,0001,0476,UE2020,186,47,3,2,238,287
191,RR,BOA VISTA,03018,0001,0477,UE2020,201,47,2,1,251,318
192,RR,BOA VISTA,03018,0001,0486,UE2020,159,39,0,3,201,236
193,RR,BOA VISTA,03018,0001,0487,UE2020,226,62,2,6,296,365
194,RR,BOA VISTA,03018,0001,0489,UE2020,199,57,3,0,259,336
195,RR,BOA VISTA,03018,0001,0497,UE2020,239,71,3,6,319,397
196,RR,BOA VISTA,03018,0001,0502,UE2020,129,45,0,2,176,209
197,RR,BOA VISTA,03018,0001,0505,UE2020,193,66,3,4,266,327
198,RR,BOA VISTA,03018,0001,0512,UE2020,193,70,3,1,267,332
199,RR,BOA VISTA,03018,0001,0513,UE2020,197,65,1,6,269,334
200,RR,BOA VISTA,03018,0001,0514,UE2020,191,54,4,2,251,317
201,RR,BOA VISTA,03018,0001,0517,UE2020,194,86,3,4,287,361
202,RR,BOA VISTA,03018,0001,0518,UE2020,211,38,1,2,252,312
203,RR,BOA VISTA,03018,0001,0519,UE2020,211,43,4,5,263,328
204,RR,BOA VISTA,03018,0001,0520,UE2020,183,42,5,2,232,294
205,RR,BOA VISTA,03018,0001,0522,UE2020,201,46,1,6,254,331
206,RR,BOA VISTA,03018,0001,0524,UE2020,232,79,3,6,320,382
207,RR,BOA VISTA,03018,0001,0525,UE2020,210,46,7,6,269,348
208,RR,BOA VISTA,03018,0001,0528,UE2020,198,55,3,4,260,325
209,RR,BOA VISTA,03018,0001,0529,UE2020,114,20,2,4,140,180
210,RR,BOA VISTA,03018,0001,0531,UE2020,185,62,4,5,256,344
211,RR,BOA VISTA,03018,0001,0532,UE2020,185,61,3,7,256,332
212,RR,BOA VISTA,03018,0001,0533,UE2020,213,65,4,5,287,348
213,RR,BOA VISTA,03018,0001,0534,UE2020,145,36,5,1,187,221
214,RR,BOA VISTA,03018,0001,0535,UE2020,167,74,3,11,255,344
215,RR,BOA VISTA,03018,0001,0536,UE2020,180,77,4,7,268,348
216,RR,BOA VISTA,03018,0001,0537,UE2020,221,56,1,5,283,325
217,RR,BOA VISTA,03018,0001,0538,UE2020,219,83,2,4,308,378
218,RR,BOA VISTA,03018,0001,0540,UE2020,175,92,2,5,274,342
219,RR,BOA VISTA,03018,0001,0546,UE2020,195,61,3,3,262,341
220,RR,BOA VISTA,03018,0001,0547,UE2020,245,67,5,6,323,383
221,RR,BOA VISTA,03018,0001,0548,UE2020,189,44,3,1,237,323
222,RR,BOA VISTA,03018,0001,0550,UE2020,192,56,2,5,255,311
223,RR,BOA VISTA,03018,0001,0551,UE2020,223,61,1,0,285,333
224,RR,BOA VISTA,03018,0001,0552,UE2020,217,47,2,3,269,328
225,RR,BOA VISTA,03018,0001,0553,UE2020,212,56,0,4,272,336
226,RR,BOA VISTA,03018,0001,0554,UE2020,208,80,2,6,296,353
227,RR,BOA VISTA,03018,0001,0555,UE2020,241,71,6,6,324,386
228,RR,BOA VISTA,03018,0001,0556,UE2020,205,75,4,4,288,355
229,RR,BOA VISTA,03018,0001,0557,UE2020,190,75,0,4,269,359
230,RR,BOA VISTA,03018,0001,0558,UE2020,192,59,3,1,255,331
231,RR,BOA VISTA,03018,0001,0559,UE2020,198,59,2,8,267,337
232,RR,BOA VISTA,03018,0001,0560,UE2020,227,61,8,6,302,386
233,RR,BOA VISTA,03018,0001,0563,UE2020,165,88,4,4,261,337
234,RR,BOA VISTA,03018,0001,0564,UE2020,168,64,4,7,243,334
235,RR,BOA VISTA,03018,0001,0567,UE2020,122,50,1,2,175,217
236,RR,BOA VISTA,03018,0001,0571,UE2020,210,65,2,7,284,328
237,RR,BOA VISTA,03018,0001,0572,UE2020,221,48,4,1,274,319
238,RR,BOA VISTA,03018,0001,0573,UE2020,210,56,5,3,274,316
239,RR,BOA VISTA,03018,0001,0574,UE2020,209,66,1,3,279,322
240,RR,BOA VISTA,03018,0001,0575,UE2020,190,62,1,9,262,312
241,RR,BOA VISTA,03018,0001,0576,UE2020,205,58,1,2,266,332
242,RR,BOA VISTA,03018,0001,0577,UE2020,218,55,1,4,278,335
243,RR,BOA VISTA,03018,0001,0578,UE2020,221,55,1,4,281,336
244,RR,BOA VISTA,03018,0001,0579,UE2020,204,52,2,5,263,340
245,RR,BOA VISTA,03018,0001,0580,UE2020,199,53,2,3,257,339
246,RR,BOA VISTA,03018,0001,0581,UE2020,236,50,1,1,288,337
247,RR,BOA VISTA,03018,0001,0582,UE2020,204,52,1,6,263,330
248,RR,BOA VISTA,03018,0001,0583,UE2020,219,47,1,2,269,333
249,RR,BOA VISTA,03018,0001,0584,UE2020,207,51,4,4,266,336
250,RR,BOA VISTA,03018,0001,0585,UE2020,210,56,3,5,274,332
251,RR,BOA VISTA,03018,0001,0586,UE2020,220,50,1,7,278,338
252,RR,BOA VISTA,03018,0001,0587,UE2020,220,54,1,4,279,340
253,RR,BOA VISTA,03018,0001,0588,UE2020,203,54,2,4,263,336
254,RR,BOA VISTA,03018,0001,0589,UE2020,203,51,0,5,259,335
255,RR,BOA VISTA,03018,0001,0590,UE2020,187,61,1,3,252,335
256,RR,BOA VISTA,03018,0001,0591,UE2020,144,34,1,0,179,220
257,RR,BOA VISTA,03018,0001,0592,UE2020,140,36,2,1,179,218
258,RR,BOA VISTA,03018,0001,0593,UE2020,136,39,1,2,178,216
259,RR,BOA VISTA,03018,0001,0594,UE2020,134,42,0,3,179,217
260,RR,BOA VISTA,03018,0001,0595,UE2020,120,47,2,4,173,218
261,RR,BOA VISTA,03018,0001,0596,UE2020,138,38,0,2,178,215
262,RR,BOA VISTA,03018,0001,0597,UE2020,141,38,2,1,182,218
263,RR,BOA VISTA,03018,0001,0598,UE2020,141,40,1,4,186,211
264,RR,BOA VISTA,03018,0001,0599,UE2020,150,28,1,5,184,214
265,RR,BOA VISTA,03018,0001,0600,UE2020,132,35,2,4,173,217
266,RR,BOA VISTA,03018,0001,0601,UE2020,179,55,2,3,239,305
267,RR,BOA VISTA,03018,0001,0602,UE2020,178,44,1,2,225,302
268,RR,BOA VISTA,03018,0001,0603,UE2020,191,48,3,1,243,306
269,RR,BOA VISTA,03018,0001,0604,UE2020,184,53,1,2,240,307
270,RR,BOA VISTA,03018,0001,0605,UE2020,192,45,2,2,241,307
271,RR,BOA VISTA,03018,0001,0606,UE2020,189,43,0,7,239,299
272,RR,BOA VISTA,03018,0001,0607,UE2020,197,49,1,1,248,302
273,RR,BOA VISTA,03018,0001,0608,UE2020,192,41,2,1,236,303
274,RR,BOA VISTA,03018,0001,0610,UE2020,184,25,3,2,214,295
275,RR,BOA VISTA,03018,0001,0611,UE2020,207,35,0,4,246,305
276,RR,BOA VISTA,03018,0001,0612,UE2020,202,35,2,4,243,306
277,RR,BOA VISTA,03018,0001,0613,UE2020,208,50,5,5,268,313
278,RR,BOA VISTA,03018,0001,0614,UE2020,203,51,2,2,258,316
279,RR,BOA VISTA,03018,0001,0615,UE2020,178,50,3,4,235,307
280,RR,BOA VISTA,03018,0001,0616,UE2020,192,43,1,8,244,292
281,RR,BOA VISTA,03018,0001,0617,UE2020,207,42,2,5,256,290
282,RR,BOA VISTA,03018,0001,0618,UE2020,194,46,2,6,248,289
283,RR,BOA VISTA,03018,0001,0619,UE2020,184,40,2,2,228,270
284,RR,BOA VISTA,03018,0001,0620,UE2020,184,34,2,6,226,276
285,RR,BOA VISTA,03018,0001,0621,UE2020,169,38,2,2,211,249
286,RR,BOA VISTA,03018,0001,0622,UE2020,173,31,4,4,212,252
287,RR,BOA VISTA,03018,0001,0623,UE2020,186,31,5,4,226,276
288,RR,BOA VISTA,03018,0001,0624,UE2020,190,42,3,1,236,272
289,RR,BOA VISTA,03018,0001,0625,UE2020,178,34,2,5,219,272
290,RR,BOA VISTA,03018,0001,0626,UE2020,179,32,5,2,218,271
291,RR,BOA VISTA,03018,0001,0627,UE2020,193,30,0,4,227,267
292,RR,BOA VISTA,03018,0001,0628,UE2020,179,34,1,5,219,268
293,RR,BOA VISTA,03018,0001,0629,UE2020,184,30,3,2,219,269
294,RR,BOA VISTA,03018,0001,0630,UE2020,169,42,5,3,219,272
295,RR,BOA VISTA,03018,0001,0631,UE2020,223,48,2,6,279,342
296,RR,BOA VISTA,03018,0001,0632,UE2020,223,52,1,7,283,347
297,RR,BOA VISTA,03018,0001,0633,UE2020,231,57,2,6,296,340
298,RR,BOA VISTA,03018,0001,0634,UE2020,242,45,4,5,296,344
299,RR,BOA VISTA,03018,0001,0635,UE2020,220,47,3,5,275,323
300,RR,BOA VISTA,03018,0001,0636,UE2020,223,49,0,5,277,340
301,RR,BOA VISTA,03018,0001,0637,UE2020,231,52,2,4,289,349
302,RR,BOA VISTA,03018,0001,0638,UE2020,211,42,6,3,262,343
303,RR,BOA VISTA,03018,0001,0639,UE2020,219,50,2,4,275,338
304,RR,BOA VISTA,03018,0001,0640,UE2020,231,53,1,4,289,342
305,RR,BOA VISTA,03018,0001,0641,UE2020,214,46,3,2,265,332
306,RR,BOA VISTA,03018,0001,0642,UE2020,223,48,3,4,278,341
307,RR,BOA VISTA,03018,0001,0643,UE2020,216,35,3,7,261,334
308,RR,BOA VISTA,03018,0001,0644,UE2020,226,47,2,4,279,342
309,RR,BOA VISTA,03018,0001,0645,UE2020,205,38,2,5,250,333
310,RR,BOA VISTA,03018,0001,0646,UE2020,209,47,5,5,266,317
311,RR,BOA VISTA,03018,0001,0647,UE2020,206,55,2,2,265,317
312,RR,BOA VISTA,03018,0001,0648,UE2020,220,45,2,2,269,321
313,RR,BOA VISTA,03018,0001,0649,UE2020,214,48,6,4,272,320
314,RR,BOA VISTA,03018,0001,0650,UE2020,207,54,2,6,269,320
315,RR,BOA VISTA,03018,0001,0651,UE2020,204,53,2,4,263,317
316,RR,BOA VISTA,03018,0001,0652,UE2020,191,49,3,5,248,321
317,RR,BOA VISTA,03018,0001,0653,UE2020,226,42,3,6,277,320
318,RR,BOA VISTA,03018,0001,0654,UE2020,189,57,4,4,254,318
319,RR,BOA VISTA,03018,0001,0655,UE2020,188,45,1,1,235,290
320,RR,BOA VISTA,03018,0001,0656,UE2020,205,40,1,4,250,297
321,RR,BOA VISTA,03018,0001,0657,UE2020,188,34,3,4,229,281
322,RR,BOA VISTA,03018,0001,0658,UE2020,178,39,3,0,220,277
323,RR,BOA VISTA,03018,0001,0659,UE2020,175,45,0,3,223,281
324,RR,BOA VISTA,03018,0001,0660,UE2020,207,56,1,2,266,338
325,RR,BOA VISTA,03018,0001,0662,UE2020,199,42,2,4,247,302
326,RR,BOA VISTA,03018,0001,0663,UE2020,178,51,2,5,236,297
327,RR,BOA VISTA,03018,0001,0664,UE2020,194,57,1,1,253,297
328,RR,BOA VISTA,03018,0001,0665,UE2020,196,42,1,3,242,291
329,RR,BOA VISTA,03018,0001,0666,UE2020,186,45,1,1,233,299
330,RR,BOA VISTA,03018,0001,0667,UE2020,198,39,4,1,242,295
331,RR,BOA VISTA,03018,0001,0668,UE2020,205,37,3,3,248,301
332,RR,BOA VISTA,03018,0001,0669,UE2020,196,43,0,2,241,299
333,RR,BOA VISTA,03018,0001,0670,UE2020,221,65,0,2,288,335
334,RR,BOA VISTA,03018,0001,0671,UE2020,219,57,1,4,281,338
335,RR,BOA VISTA,03018,0001,0672,UE2020,212,55,1,6,274,326
336,RR,BOA VISTA,03018,0001,0673,UE2020,185,61,1,6,253,329
337,RR,BOA VISTA,03018,0001,0674,UE2020,233,49,2,5,289,344
338,RR,BOA VISTA,03018,0001,0675,UE2020,221,55,2,11,289,339
339,RR,BOA VISTA,03018,0001,0676,UE2020,231,60,1,2,294,342
340,RR,BOA VISTA,03018,0001,0677,UE2020,228,55,1,2,286,345
341,RR,BOA VISTA,03018,0001,0678,UE2020,214,65,3,3,285,334
342,RR,BOA VISTA,03018,0001,0679,UE2020,168,50,0,5,223,296
343,RR,BOA VISTA,03018,0001,0680,UE2020,200,64,1,3,268,310
344,RR,BOA VISTA,03018,0001,0681,UE2020,175,55,2,4,236,293
345,RR,BOA VISTA,03018,0001,0682,UE2020,216,56,4,3,279,367
346,RR,BOA VISTA,03018,0001,0683,UE2020,232,59,5,3,299,374
347,RR,BOA VISTA,03018,0001,0684,UE2020,256,52,1,6,315,380
348,RR,BOA VISTA,03018,0001,0685,UE2020,223,48,2,1,274,361
349,RR,BOA VISTA,03018,0001,0686,UE2020,170,37,3,3,213,262
350,RR,BOA VISTA,03018,0001,0687,UE2020,170,38,2,5,215,266
351,RR,BOA VISTA,03018,0001,0688,UE2020,172,47,4,2,225,264
352,RR,BOA VISTA,03018,0001,0689,UE2020,194,41,1,3,239,264
353,RR,BOA VISTA,03018,0001,0690,UE2020,179,34,4,3,220,263
354,RR,BOA VISTA,03018,0001,0691,UE2020,176,36,4,3,219,263
355,RR,BOA VISTA,03018,0001,0692,UE2020,212,64,5,4,285,349
356,RR,BOA VISTA,03018,0001,0693,UE2020,230,61,3,5,299,351
357,RR,BOA VISTA,03018,0001,0694,UE2020,213,68,3,4,288,340
358,RR,BOA VISTA,03018,0001,0695,UE2020,212,61,5,7,285,345
359,RR,BOA VISTA,03018,0001,0696,UE2020,219,61,2,4,286,341
360,RR,BOA VISTA,03018,0001,0697,UE2020,234,48,2,6,290,343
361,RR,BOA VISTA,03018,0001,0698,UE2020,226,52,4,6,288,349
362,RR,BOA VISTA,03018,0001,0699,UE2020,220,65,4,3,292,340
363,RR,BOA VISTA,03018,0001,0700,UE2020,201,66,1,7,275,338
364,RR,BOA VISTA,03018,0001,0701,UE2020,192,48,4,5,249,295
365,RR,BOA VISTA,03018,0001,0702,UE2020,205,44,3,2,254,299
366,RR,BOA VISTA,03018,0001,0703,UE2020,185,42,4,1,232,297
367,RR,BOA VISTA,03018,0001,0704,UE2020,221,56,2,2,281,344
368,RR,BOA VISTA,03018,0001,0705,UE2020,226,58,2,3,289,341
369,RR,BOA VISTA,03018,0001,0706,UE2020,198,67,3,6,274,339
370,RR,BOA VISTA,03018,0001,0707,UE2020,219,58,4,1,282,342
371,RR,BOA VISTA,03018,0001,0708,UE2020,226,55,3,4,288,342
372,RR,BOA VISTA,03018,0001,0709,UE2020,259,61,0,6,326,390
373,RR,BOA VISTA,03018,0001,0710,UE2020,226,56,0,6,288,360
374,RR,BOA VISTA,03018,0001,0711,UE2020,241,51,3,3,298,361
375,RR,BOA VISTA,03018,0001,0712,UE2020,218,45,3,7,273,353
376,RR,BOA VISTA,03018,0001,0713,UE2020,226,55,4,3,288,342
377,RR,BOA VISTA,03018,0001,0714,UE2020,221,66,3,3,293,344
378,RR,BOA VISTA,03018,0001,0715,UE2020,222,53,3,0,278,339
379,RR,BOA VISTA,03018,0001,0716,UE2020,221,48,3,5,277,347
380,RR,BOA VISTA,03018,0001,0717,UE2020,228,51,4,2,285,342
381,RR,BOA VISTA,03018,0001,0718,UE2020,239,36,1,3,279,342
382,RR,BOA VISTA,03018,0001,0719,UE2020,220,61,1,3,285,340
383,RR,BOA VISTA,03018,0001,0720,UE2020,222,43,1,0,266,336
384,RR,BOA VISTA,03018,0001,0723,UE2020,197,62,4,3,266,318
385,RR,BOA VISTA,03018,0001,0724,UE2020,199,51,1,7,258,321
386,RR,BOA VISTA,03018,0001,0725,UE2020,208,57,7,5,277,318
387,RR,BOA VISTA,03018,0001,0726,UE2020,208,50,3,3,264,310
388,RR,BOA VISTA,03018,0001,0728,UE2020,210,31,3,1,245,317
389,RR,BOA VISTA,03018,0001,0729,UE2020,208,52,0,6,266,323
390,RR,BOA VISTA,03018,0001,0730,UE2020,198,54,3,7,262,324
391,RR,BOA VISTA,03018,0001,0731,UE2020,217,54,2,3,276,336
392,RR,BOA VISTA,03018,0001,0732,UE2020,225,44,4,1,274,338
393,RR,BOA VISTA,03018,0001,0733,UE2020,210,39,3,5,257,321
394,RR,BOA VISTA,03018,0001,0734,UE2020,127,27,0,0,154,217
395,RR,BOA VISTA,03018,0001,0736,UE2020,178,49,2,5,234,268
396,RR,BOA VISTA,03018,0001,0737,UE2020,132,44,4,5,185,232
397,RR,BOA VISTA,03018,0001,0738,UE2020,194,68,7,6,275,330
398,RR,BOA VISTA,03018,0001,0739,UE2020,144,38,3,3,188,239
399,RR,BOA VISTA,03018,0001,0740,UE2020,157,46,3,2,208,247
400,RR,BOA VISTA,03018,0001,0741,UE2020,219,47,4,7,277,331
401,RR,BOA VISTA,03018,0001,0742,UE2020,230,42,2,2,276,326
402,RR,BOA VISTA,03018,0001,0743,UE2020,220,49,1,3,273,327
403,RR,BOA VISTA,03018,0001,0744,UE2020,229,37,0,3,269,329
404,RR,BOA VISTA,03018,0001,0745,UE2020,215,52,0,3,270,327
405,RR,BOA VISTA,03018,0001,0746,UE2020,218,42,4,7,271,332
406,RR,BOA VISTA,03018,0001,0747,UE2020,228,41,0,3,272,332
407,RR,BOA VISTA,03018,0001,0748,UE2020,194,52,2,2,250,332
408,RR,BOA VISTA,03018,0001,0749,UE2020,203,40,1,1,245,325
409,RR,BOA VISTA,03018,0001,0750,UE2020,210,47,1,1,259,315
410,RR,BOA VISTA,03018,0001,0751,UE2020,227,39,2,2,270,319
411,RR,BOA VISTA,03018,0001,0752,UE2020,202,63,1,6,272,322
412,RR,BOA VISTA,03018,0001,0753,UE2020,206,51,1,6,264,314
413,RR,BOA VISTA,03018,0001,0754,UE2020,223,46,1,2,272,318
414,RR,BOA VISTA,03018,0001,0755,UE2020,206,52,1,7,266,311
415,RR,BOA VISTA,03018,0001,0756,UE2020,204,57,1,3,265,312
416,RR,BOA VISTA,03018,0001,0757,UE2020,206,58,0,0,264,321
417,RR,BOA VISTA,03018,0001,0758,UE2020,205,52,3,8,268,313
418,RR,BOA VISTA,03018,0001,0759,UE2020,192,41,1,4,238,316
419,RR,BOA VISTA,03018,0001,0760,UE2020,213,55,1,4,273,316
420,RR,BOA VISTA,03018,0001,0761,UE2020,208,57,2,6,273,321
421,RR,BOA VISTA,03018,0001,0762,UE2020,208,62,4,9,283,325
422,RR,BOA VISTA,03018,0001,0763,UE2020,203,44,1,3,251,312
423,RR,BOA VISTA,03018,0001,0764,UE2020,207,51,3,3,264,322
424,RR,BOA VISTA,03018,0001,0765,UE2020,189,64,2,6,261,318
425,RR,BOA VISTA,03018,0001,0766,UE2020,189,55,5,5,254,318
426,RR,BOA VISTA,03018,0001,0767,UE2020,226,80,4,3,313,384
427,RR,BOA VISTA,03018,0001,0769,UE2020,190,51,4,6,251,347
428,RR,BOA VISTA,03018,0001,0770,UE2020,185,68,5,8,266,333
429,RR,BOA VISTA,03018,0001,0771,UE2020,179,43,4,10,236,338
430,RR,BOA VISTA,03018,0001,0774,UE2020,129,38,1,2,170,208
431,RR,BOA VISTA,03018,0001,0775,UE2020,241,55,4,3,303,369
432,RR,BOA VISTA,03018,0001,0777,UE2020,194,63,4,2,263,328
433,RR,BOA VISTA,03018,0001,0778,UE2020,94,23,1,0,118,135
434,RR,BOA VISTA,03018,0001,0779,UE2020,208,79,5,3,295,348
435,RR,BOA VISTA,03018,0001,0780,UE2020,66,65,4,0,135,145
436,RR,BOA VISTA,03018,0001,0781,UE2020,169,102,3,4,278,340
437,RR,BOA VISTA,03018,0001,0782,UE2020,171,47,0,2,220,270
438,RR,BOA VISTA,03018,0001,0783,UE2020,94,46,8,2,150,165
439,RR,BOA VISTA,03018,0001,0784,UE2020,141,59,2,3,205,233
440,RR,BOA VISTA,03018,0001,0785,UE2020,237,54,3,5,299,344
441,RR,BOA VISTA,03018,0001,0786,UE2020,109,40,1,2,152,175
442,RR,BOA VISTA,03018,0001,0787,UE2020,95,28,1,2,126,154
443,RR,BOA VISTA,03018,0001,0788,UE2020,127,35,3,1,166,206
444,RR,BOA VISTA,03018,0001,0789,UE2020,119,37,3,1,160,187
445,RR,BOA VISTA,03018,0001,0790,UE2020,82,22,2,2,108,114
446,RR,BOA VISTA,03018,0001,0792,UE2020,70,23,2,2,97,108
447,RR,BOA VISTA,03018,0001,0793,UE2020,197,64,5,3,269,347
448,RR,BOA VISTA,03018,0001,0796,UE2020,181,108,1,2,292,348
449,RR,BOA VISTA,03018,0001,0797,UE2020,14,10,1,0,25,30
450,RR,BOA VISTA,03018,0001,0798,UE2020,196,101,1,1,299,348
451,RR,BOA VISTA,03018,0001,0799,UE2020,197,96,5,3,301,347
452,RR,BOA VISTA,03018,0001,0800,UE2020,219,85,1,2,307,347
453,RR,BOA VISTA,03018,0005,0001,UE2020,221,42,0,4,267,339
454,RR,BOA VISTA,03018,0005,0002,UE2020,216,46,1,5,268,337
455,RR,BOA VISTA,03018,0005,0003,UE2020,213,52,4,1,270,337
456,RR,BOA VISTA,03018,0005,0004,UE2020,218,44,2,2,266,337
457,RR,BOA VISTA,03018,0005,0005,UE2020,217,54,2,7,280,365
458,RR,BOA VISTA,03018,0005,0006,UE2020,240,37,0,3,280,372
459,RR,BOA VISTA,03018,0005,0007,UE2020,215,58,3,3,279,364
460,RR,BOA VISTA,03018,0005,0008,UE2020,233,63,1,4,301,357
461,RR,BOA VISTA,03018,0005,0009,UE2020,211,52,1,2,266,348
462,RR,BOA VISTA,03018,0005,0010,UE2020,226,43,2,2,273,355
463,RR,BOA VISTA,03018,0005,0011,UE2020,229,52,1,2,284,355
464,RR,BOA VISTA,03018,0005,0012,UE2020,208,43,3,4,258,320
465,RR,BOA VISTA,03018,0005,0013,UE2020,216,35,4,3,258,334
466,RR,BOA VISTA,03018,0005,0014,UE2020,205,41,1,6,253,325
467,RR,BOA VISTA,03018,0005,0015,UE2020,215,36,2,4,257,329
468,RR,BOA VISTA,03018,0005,0024,UE2020,204,45,1,3,253,337
469,RR,BOA VISTA,03018,0005,0025,UE2020,205,37,0,0,242,323
470,RR,BOA VISTA,03018,0005,0032,UE2020,204,42,4,2,252,328
471,RR,BOA VISTA,03018,0005,0033,UE2020,256,43,6,2,307,386
472,RR,BOA VISTA,03018,0005,0034,UE2020,202,44,2,3,251,333
473,RR,BOA VISTA,03018,0005,0035,UE2020,235,44,1,3,283,376
474,RR,BOA VISTA,03018,0005,0036,UE2020,217,63,4,4,288,376
475,RR,BOA VISTA,03018,0005,0037,UE2020,221,58,3,5,287,371
476,RR,BOA VISTA,03018,0005,0038,UE2020,133,122,3,1,259,310
477,RR,BOA VISTA,03018,0005,0039,UE2020,149,53,0,2,204,265
478,RR,BOA VISTA,03018,0005,0041,UE2020,80,29,1,0,110,140
479,RR,BOA VISTA,03018,0005,0043,UE2020,154,52,0,0,206,259
480,RR,BOA VISTA,03018,0005,0044,UE2020,233,69,1,0,303,378
481,RR,BOA VISTA,03018,0005,0093,UE2020,201,61,3,4,269,323
482,RR,BOA VISTA,03018,0005,0094,UE2020,211,47,2,5,265,318
483,RR,BOA VISTA,03018,0005,0101,UE2020,227,50,0,4,281,364
484,RR,BOA VISTA,03018,0005,0102,UE2020,245,53,2,2,302,368
485,RR,BOA VISTA,03018,0005,0103,UE2020,230,52,4,4,290,367
486,RR,BOA VISTA,03018,0005,0104,UE2020,254,50,1,5,310,368
487,RR,BOA VISTA,03018,0005,0105,UE2020,257,49,3,6,315,368
488,RR,BOA VISTA,03018,0005,0108,UE2020,197,55,2,5,259,329
489,RR,BOA VISTA,03018,0005,0109,UE2020,195,66,1,0,262,328
490,RR,BOA VISTA,03018,0005,0110,UE2020,205,59,3,2,269,332
491,RR,BOA VISTA,03018,0005,0111,UE2020,215,49,3,6,273,327
492,RR,BOA VISTA,03018,0005,0112,UE2020,215,48,1,2,266,322
493,RR,BOA VISTA,03018,0005,0118,UE2020,230,70,3,1,304,360
494,RR,BOA VISTA,03018,0005,0119,UE2020,222,51,4,4,281,350
495,RR,BOA VISTA,03018,0005,0120,UE2020,232,47,3,1,283,354
496,RR,BOA VISTA,03018,0005,0121,UE2020,232,50,0,5,287,357
497,RR,BOA VISTA,03018,0005,0122,UE2020,192,44,3,5,244,320
498,RR,BOA VISTA,03018,0005,0123,UE2020,197,46,4,4,251,320
499,RR,BOA VISTA,03018,0005,0124,UE2020,205,57,3,0,265,330
500,RR,BOA VISTA,03018,0005,0125,UE2020,188,47,3,2,240,327
501,RR,BOA VISTA,03018,0005,0126,UE2020,188,61,3,2,254,330
502,RR,BOA VISTA,03018,0005,0127,UE2020,211,42,1,4,258,329
503,RR,BOA VISTA,03018,0005,0128,UE2020,223,42,0,1,266,331
504,RR,BOA VISTA,03018,0005,0129,UE2020,200,58,1,1,260,332
505,RR,BOA VISTA,03018,0005,0130,UE2020,210,40,1,2,253,321
506,RR,BOA VISTA,03018,0005,0131,UE2020,236,48,1,0,285,364
507,RR,BOA VISTA,03018,0005,0132,UE2020,207,63,2,4,276,372
508,RR,BOA VISTA,03018,0005,0133,UE2020,222,57,0,3,282,368
509,RR,BOA VISTA,03018,0005,0134,UE2020,232,55,1,3,291,371
510,RR,BOA VISTA,03018,0005,0135,UE2020,226,52,1,4,283,368
511,RR,BOA VISTA,03018,0005,0136,UE2020,211,58,0,4,273,365
512,RR,BOA VISTA,03018,0005,0140,UE2020,204,59,2,5,270,330
513,RR,BOA VISTA,03018,0005,0141,UE2020,206,54,1,1,262,331
514,RR,BOA VISTA,03018,0005,0142,UE2020,216,47,3,6,272,330
515,RR,BOA VISTA,03018,0005,0143,UE2020,210,46,3,3,262,332
516,RR,BOA VISTA,03018,0005,0144,UE2020,217,44,3,3,267,333
517,RR,BOA VISTA,03018,0005,0145,UE2020,210,38,0,1,249,333
518,RR,BOA VISTA,03018,0005,0146,UE2020,224,48,1,3,276,336
519,RR,BOA VISTA,03018,0005,0147,UE2020,223,29,2,2,256,331
520,RR,BOA VISTA,03018,0005,0148,UE2020,217,44,1,0,262,338
521,RR,BOA VISTA,03018,0005,0149,UE2020,211,51,1,4,267,337
522,RR,BOA VISTA,03018,0005,0150,UE2020,238,42,0,0,280,337
523,RR,BOA VISTA,03018,0005,0151,UE2020,216,47,3,1,267,339
524,RR,BOA VISTA,03018,0005,0164,UE2020,218,50,0,4,272,339
525,RR,BOA VISTA,03018,0005,0165,UE2020,221,40,2,3,266,334
526,RR,BOA VISTA,03018,0005,0166,UE2020,218,52,2,5,277,340
527,RR,BOA VISTA,03018,0005,0167,UE2020,217,53,3,2,275,335
528,RR,BOA VISTA,03018,0005,0168,UE2020,200,58,2,4,264,341
529,RR,BOA VISTA,03018,0005,0169,UE2020,218,48,3,2,271,355
530,RR,BOA VISTA,03018,0005,0170,UE2020,219,42,2,2,265,342
531,RR,BOA VISTA,03018,0005,0171,UE2020,215,63,5,4,287,361
532,RR,BOA VISTA,03018,0005,0172,UE2020,207,40,1,3,251,320
533,RR,BOA VISTA,03018,0005,0173,UE2020,216,41,0,3,260,337
534,RR,BOA VISTA,03018,0005,0174,UE2020,229,31,3,1,264,342
535,RR,BOA VISTA,03018,0005,0175,UE2020,255,42,4,4,305,370
536,RR,BOA VISTA,03018,0005,0176,UE2020,237,42,2,1,282,367
537,RR,BOA VISTA,03018,0005,0182,UE2020,227,63,1,5,296,351
538,RR,BOA VISTA,03018,0005,0183,UE2020,225,53,1,8,287,357
539,RR,BOA VISTA,03018,0005,0184,UE2020,248,55,5,6,314,354
540,RR,BOA VISTA,03018,0005,0185,UE2020,253,42,2,3,300,344
541,RR,BOA VISTA,03018,0005,0188,UE2020,200,41,0,4,245,314
542,RR,BOA VISTA,03018,0005,0189,UE2020,205,41,2,1,249,355
543,RR,BOA VISTA,03018,0005,0190,UE2020,199,65,1,2,267,361
544,RR,BOA VISTA,03018,0005,0191,UE2020,189,74,0,2,265,362
545,RR,BOA VISTA,03018,0005,0192,UE2020,204,44,2,3,253,358
546,RR,BOA VISTA,03018,0005,0193,UE2020,211,44,2,3,260,361
547,RR,BOA VISTA,03018,0005,0210,UE2020,202,54,1,1,258,338
548,RR,BOA VISTA,03018,0005,0212,UE2020,205,27,3,2,237,313
549,RR,BOA VISTA,03018,0005,0214,UE2020,231,46,2,2,281,373
550,RR,BOA VISTA,03018,0005,0215,UE2020,196,76,4,4,280,333
551,RR,BOA VISTA,03018,0005,0216,UE2020,198,56,4,2,260,329
552,RR,BOA VISTA,03018,0005,0217,UE2020,224,39,3,3,269,372
553,RR,BOA VISTA,03018,0005,0220,UE2020,202,46,1,4,253,359
554,RR,BOA VISTA,03018,0005,0222,UE2020,209,50,4,4,267,326
555,RR,BOA VISTA,03018,0005,0225,UE2020,221,69,1,5,296,391
556,RR,BOA VISTA,03018,0005,0228,UE2020,238,38,6,3,285,353
557,RR,BOA VISTA,03018,0005,0232,UE2020,220,45,3,1,269,375
558,RR,BOA VISTA,03018,0005,0233,UE2020,196,61,2,7,266,330
559,RR,BOA VISTA,03018,0005,0235,UE2020,238,37,0,4,279,329
560,RR,BOA VISTA,03018,0005,0236,UE2020,216,56,1,2,275,376
561,RR,BOA VISTA,03018,0005,0240,UE2020,221,55,1,4,281,364
562,RR,BOA VISTA,03018,0005,0241,UE2020,253,37,2,3,295,368
563,RR,BOA VISTA,03018,0005,0243,UE2020,250,44,2,2,298,354
564,RR,BOA VISTA,03018,0005,0244,UE2020,229,45,5,0,279,364
565,RR,BOA VISTA,03018,0005,0245,UE2020,223,35,3,4,265,330
566,RR,BOA VISTA,03018,0005,0246,UE2020,213,45,1,3,262,362
567,RR,BOA VISTA,03018,0005,0248,UE2020,209,48,1,4,262,328
568,RR,BOA VISTA,03018,0005,0249,UE2020,201,55,4,0,260,325
569,RR,BOA VISTA,03018,0005,0250,UE2020,217,44,3,3,267,336
570,RR,BOA VISTA,03018,0005,0252,UE2020,217,48,2,1,268,369
571,RR,BOA VISTA,03018,0005,0255,UE2020,170,98,3,4,275,341
572,RR,BOA VISTA,03018,0005,0257,UE2020,203,51,0,5,259,331
573,RR,BOA VISTA,03018,0005,0258,UE2020,233,58,3,3,297,356
574,RR,BOA VISTA,03018,0005,0260,UE2020,222,50,4,3,279,349
575,RR,BOA VISTA,03018,0005,0262,UE2020,204,45,1,2,252,331
576,RR,BOA VISTA,03018,0005,0265,UE2020,193,54,1,2,250,359
577,RR,BOA VISTA,03018,0005,0266,UE2020,233,42,2,3,280,369
578,RR,BOA VISTA,03018,0005,0267,UE2020,227,52,1,1,281,369
579,RR,BOA VISTA,03018,0005,0270,UE2020,254,44,2,6,306,371
580,RR,BOA VISTA,03018,0005,0271,UE2020,242,51,0,4,297,367
581,RR,BOA VISTA,03018,0005,0274,UE2020,193,50,4,2,249,365
582,RR,BOA VISTA,03018,0005,0276,UE2020,241,48,4,1,294,373
583,RR,BOA VISTA,03018,0005,0278,UE2020,78,146,2,3,229,265
584,RR,BOA VISTA,03018,0005,0279,UE2020,78,43,3,0,124,149
585,RR,BOA VISTA,03018,0005,0280,UE2020,87,51,1,0,139,165
586,RR,BOA VISTA,03018,0005,0282,UE2020,200,33,0,0,233,316
587,RR,BOA VISTA,03018,0005,0283,UE2020,121,92,2,1,216,272
588,RR,BOA VISTA,03018,0005,0284,UE2020,207,41,2,7,257,338
589,RR,BOA VISTA,03018,0005,0285,UE2020,222,49,8,4,283,374
590,RR,BOA VISTA,03018,0005,0287,UE2020,199,36,3,10,248,320
591,RR,BOA VISTA,03018,0005,0288,UE2020,194,47,2,4,247,317
592,RR,BOA VISTA,03018,0005,0289,UE2020,228,35,3,1,267,347
593,RR,BOA VISTA,03018,0005,0291,UE2020,202,49,1,1,253,357
594,RR,BOA VISTA,03018,0005,0293,UE2020,236,48,1,5,290,364
595,RR,BOA VISTA,03018,0005,0295,UE2020,206,58,2,4,270,353
596,RR,BOA VISTA,03018,0005,0299,UE2020,219,45,2,3,269,358
597,RR,BOA VISTA,03018,0005,0300,UE2020,218,36,0,2,256,322
598,RR,BOA VISTA,03018,0005,0301,UE2020,200,30,0,0,230,340
599,RR,BOA VISTA,03018,0005,0302,UE2020,205,43,3,6,257,328
600,RR,BOA VISTA,03018,0005,0305,UE2020,159,79,2,1,241,323
601,RR,BOA VISTA,03018,0005,0309,UE2020,205,47,2,3,257,312
602,RR,BOA VISTA,03018,0005,0310,UE2020,205,39,1,1,246,317
603,RR,BOA VISTA,03018,0005,0311,UE2020,203,43,2,6,254,353
604,RR,BOA VISTA,03018,0005,0313,UE2020,196,49,0,3,248,325
605,RR,BOA VISTA,03018,0005,0314,UE2020,216,39,2,4,261,347
606,RR,BOA VISTA,03018,0005,0315,UE2020,184,51,0,4,239,312
607,RR,BOA VISTA,03018,0005,0316,UE2020,217,53,0,2,272,336
608,RR,BOA VISTA,03018,0005,0317,UE2020,207,47,1,3,258,334
609,RR,BOA VISTA,03018,0005,0318,UE2020,222,51,2,3,278,353
610,RR,BOA VISTA,03018,0005,0320,UE2020,187,50,0,1,238,306
611,RR,BOA VISTA,03018,0005,0321,UE2020,228,41,1,0,270,345
612,RR,BOA VISTA,03018,0005,0322,UE2020,211,48,3,3,265,380
613,RR,BOA VISTA,03018,0005,0323,UE2020,182,45,1,4,232,273
614,RR,BOA VISTA,03018,0005,0325,UE2020,208,47,2,1,258,350
615,RR,BOA VISTA,03018,0005,0326,UE2020,236,34,3,5,278,337
616,RR,BOA VISTA,03018,0005,0327,UE2020,209,39,5,1,254,336
617,RR,BOA VISTA,03018,0005,0328,UE2020,217,50,1,0,268,348
618,RR,BOA VISTA,03018,0005,0329,UE2020,227,31,2,5,265,329
619,RR,BOA VISTA,03018,0005,0330,UE2020,200,42,4,1,247,326
620,RR,BOA VISTA,03018,0005,0331,UE2020,221,56,5,1,283,351
621,RR,BOA VISTA,03018,0005,0332,UE2020,265,48,0,2,315,418
622,RR,BOA VISTA,03018,0005,0334,UE2020,191,47,2,6,246,315
623,RR,BOA VISTA,03018,0005,0335,UE2020,205,55,2,2,264,338
624,RR,BOA VISTA,03018,0005,0336,UE2020,239,47,4,2,292,362
625,RR,BOA VISTA,03018,0005,0337,UE2020,234,46,0,4,284,349
626,RR,BOA VISTA,03018,0005,0338,UE2020,197,49,2,4,252,319
627,RR,BOA VISTA,03018,0005,0340,UE2020,215,52,0,4,271,337
628,RR,BOA VISTA,03018,0005,0342,UE2020,231,67,1,8,307,368
629,RR,BOA VISTA,03018,0005,0343,UE2020,192,46,2,6,246,325
630,RR,BOA VISTA,03018,0005,0348,UE2020,200,46,1,4,251,330
631,RR,BOA VISTA,03018,0005,0350,UE2020,234,71,1,2,308,396
632,RR,BOA VISTA,03018,0005,0352,UE2020,228,56,2,2,288,350
633,RR,BOA VISTA,03018,0005,0353,UE2020,224,46,3,2,275,343
634,RR,BOA VISTA,03018,0005,0354,UE2020,209,43,2,2,256,318
635,RR,BOA VISTA,03018,0005,0355,UE2020,218,57,1,6,282,367
636,RR,BOA VISTA,03018,0005,0356,UE2020,231,60,1,7,299,358
637,RR,BOA VISTA,03018,0005,0358,UE2020,216,50,3,3,272,355
638,RR,BOA VISTA,03018,0005,0359,UE2020,227,64,1,5,297,364
639,RR,BOA VISTA,03018,0005,0360,UE2020,235,50,5,5,295,343
640,RR,BOA VISTA,03018,0005,0361,UE2020,226,40,1,2,269,342
641,RR,BOA VISTA,03018,0005,0363,UE2020,201,51,1,5,258,312
642,RR,BOA VISTA,03018,0005,0364,UE2020,213,63,2,3,281,341
643,RR,BOA VISTA,03018,0005,0366,UE2020,214,59,2,6,281,332
644,RR,BOA VISTA,03018,0005,0367,UE2020,198,39,3,2,242,323
645,RR,BOA VISTA,03018,0005,0368,UE2020,239,58,3,3,303,353
646,RR,BOA VISTA,03018,0005,0369,UE2020,214,63,1,0,278,340
647,RR,BOA VISTA,03018,0005,0372,UE2020,215,56,3,2,276,341
648,RR,BOA VISTA,03018,0005,0374,UE2020,222,42,2,6,272,338
649,RR,BOA VISTA,03018,0005,0375,UE2020,233,50,8,3,294,353
650,RR,BOA VISTA,03018,0005,0378,UE2020,209,50,3,3,265,332
651,RR,BOA VISTA,03018,0005,0379,UE2020,216,62,4,4,286,344
652,RR,BOA VISTA,03018,0005,0380,UE2020,216,49,3,3,271,343
653,RR,BOA VISTA,03018,0005,0381,UE2020,214,50,4,5,273,336
654,RR,BOA VISTA,03018,0005,0383,UE2020,248,58,2,0,308,356
655,RR,BOA VISTA,03018,0005,0384,UE2020,212,65,3,1,281,361
656,RR,BOA VISTA,03018,0005,0385,UE2020,199,49,2,2,252,339
657,RR,BOA VISTA,03018,0005,0386,UE2020,225,40,2,1,268,336
658,RR,BOA VISTA,03018,0005,0387,UE2020,208,38,4,9,259,317
659,RR,BOA VISTA,03018,0005,0389,UE2020,211,38,2,3,254,326
660,RR,BOA VISTA,03018,0005,0390,UE2020,206,58,6,0,270,337
661,RR,BOA VISTA,03018,0005,0391,UE2020,225,51,2,4,282,361
662,RR,BOA VISTA,03018,0005,0393,UE2020,215,55,0,7,277,345
663,RR,BOA VISTA,03018,0005,0394,UE2020,202,45,2,2,251,315
664,RR,BOA VISTA,03018,0005,0395,UE2020,211,42,2,0,255,344
665,RR,BOA VISTA,03018,0005,0396,UE2020,221,37,1,2,261,337
666,RR,BOA VISTA,03018,0005,0397,UE2020,179,35,2,2,218,293
667,RR,BOA VISTA,03018,0005,0398,UE2020,148,46,0,1,195,269
668,RR,BOA VISTA,03018,0005,0399,UE2020,198,53,5,2,258,353
669,RR,BOA VISTA,03018,0005,0400,UE2020,195,37,0,1,233,300
670,RR,BOA VISTA,03018,0005,0401,UE2020,209,35,1,4,249,345
671,RR,BOA VISTA,03018,0005,0406,UE2020,215,32,3,2,252,327
672,RR,BOA VISTA,03018,0005,0407,UE2020,217,65,3,4,289,352
673,RR,BOA VISTA,03018,0005,0408,UE2020,204,59,3,4,270,329
674,RR,BOA VISTA,03018,0005,0409,UE2020,205,41,0,1,247,340
675,RR,BOA VISTA,03018,0005,0410,UE2020,188,45,0,1,234,326
676,RR,BOA VISTA,03018,0005,0412,UE2020,219,44,0,2,265,334
677,RR,BOA VISTA,03018,0005,0415,UE2020,169,50,3,2,224,272
678,RR,BOA VISTA,03018,0005,0416,UE2020,205,42,3,4,254,359
679,RR,BOA VISTA,03018,0005,0418,UE2020,235,35,3,4,277,357
680,RR,BOA VISTA,03018,0005,0421,UE2020,76,34,0,0,110,122
681,RR,BOA VISTA,03018,0005,0422,UE2020,234,51,3,1,289,387
682,RR,BOA VISTA,03018,0005,0424,UE2020,207,41,2,5,255,344
683,RR,BOA VISTA,03018,0005,0425,UE2020,160,56,1,3,220,299
684,RR,BOA VISTA,03018,0005,0426,UE2020,173,37,1,0,211,287
685,RR,BOA VISTA,03018,0005,0428,UE2020,196,51,5,1,253,372
686,RR,BOA VISTA,03018,0005,0429,UE2020,57,44,2,0,103,116
687,RR,BOA VISTA,03018,0005,0430,UE2020,141,39,2,0,182,243
688,RR,BOA VISTA,03018,0005,0431,UE2020,164,32,3,2,201,288
689,RR,BOA VISTA,03018,0005,0432,UE2020,168,53,1,1,223,294
690,RR,BOA VISTA,03018,0005,0433,UE2020,209,36,5,1,251,336
691,RR,BOA VISTA,03018,0005,0434,UE2020,197,33,0,3,233,326
692,RR,BOA VISTA,03018,0005,0436,UE2020,204,47,5,5,261,334
693,RR,BOA VISTA,03018,0005,0437,UE2020,193,56,1,4,254,342
694,RR,BOA VISTA,03018,0005,0438,UE2020,180,55,5,1,241,304
695,RR,BOA VISTA,03018,0005,0439,UE2020,199,49,0,2,250,342
696,RR,BOA VISTA,03018,0005,0440,UE2020,197,71,3,2,273,345
697,RR,BOA VISTA,03018,0005,0441,UE2020,188,49,2,0,239,344
698,RR,BOA VISTA,03018,0005,0442,UE2020,185,54,4,6,249,331
699,RR,BOA VISTA,03018,0005,0443,UE2020,209,57,4,2,272,352
700,RR,BOA VISTA,03018,0005,0446,UE2020,259,42,0,1,302,389
701,RR,BOA VISTA,03018,0005,0448,UE2020,197,42,3,5,247,320
702,RR,BOA VISTA,03018,0005,0449,UE2020,177,51,1,2,231,332
703,RR,BOA VISTA,03018,0005,0450,UE2020,191,56,1,1,249,341
704,RR,BOA VISTA,03018,0005,0452,UE2020,217,45,1,0,263,362
705,RR,BOA VISTA,03018,0005,0453,UE2020,205,46,2,3,256,345
706,RR,BOA VISTA,03018,0005,0456,UE2020,173,61,1,3,238,315
707,RR,BOA VISTA,03018,0005,0457,UE2020,173,63,0,2,238,314
708,RR,BOA VISTA,03018,0005,0460,UE2020,229,32,2,5,268,351
709,RR,BOA VISTA,03018,0005,0461,UE2020,200,41,2,6,249,349
710,RR,BOA VISTA,03018,0005,0463,UE2020,138,37,2,3,180,246
711,RR,BOA VISTA,03018,0005,0466,UE2020,15,58,5,2,80,162
712,RR,BOA VISTA,03018,0005,0468,UE2020,200,63,3,5,271,345
713,RR,BOA VISTA,03018,0005,0470,UE2020,196,44,3,5,248,337
714,RR,BOA VISTA,03018,0005,0472,UE2020,198,27,0,2,227,325
715,RR,BOA VISTA,03018,0005,0473,UE2020,216,34,1,5,256,366
716,RR,BOA VISTA,03018,0005,0474,UE2020,181,45,1,2,229,321
717,RR,BOA VISTA,03018,0005,0475,UE2020,186,32,0,3,221,311
718,RR,BOA VISTA,03018,0005,0476,UE2020,183,44,1,2,230,299
719,RR,BOA VISTA,03018,0005,0477,UE2020,183,34,2,1,220,326
720,RR,BOA VISTA,03018,0005,0478,UE2020,174,37,3,3,217,280
721,RR,BOA VISTA,03018,0005,0479,UE2020,190,36,1,2,229,329
722,RR,BOA VISTA,03018,0005,0480,UE2020,203,38,3,3,247,370
723,RR,BOA VISTA,03018,0005,0609,UE2020,188,58,7,2,255,340
724,RR,BOA VISTA,03018,0005,0610,UE2020,188,53,3,1,245,324
725,RR,BOA VISTA,03018,0005,0616,UE2020,193,44,4,3,244,339
726,RR,BOA VISTA,03018,0005,0617,UE2020,205,35,1,2,243,343
727,RR,BOA VISTA,03018,0005,0618,UE2020,245,63,3,0,311,428
728,RR,BOA VISTA,03018,0005,0621,UE2020,217,41,2,4,264,353
729,RR,BOA VISTA,03018,0005,0622,UE2020,165,39,1,4,209,357
730,RR,BOA VISTA,03018,0005,0623,UE2020,197,32,2,1,232,315
731,RR,BOA VISTA,03018,0005,0624,UE2020,212,48,3,3,266,351
732,RR,BOA VISTA,03018,0005,0625,UE2020,209,56,1,1,267,348
733,RR,BOA VISTA,03018,0005,0626,UE2020,75,13,0,1,89,127
734,RR,BOA VISTA,03018,0005,0629,UE2020,173,46,2,1,222,370
735,RR,BOA VISTA,03018,0005,0630,UE2020,184,36,4,0,224,341
736,RR,BOA VISTA,03018,0005,0631,UE2020,207,62,1,1,271,338
737,RR,BOA VISTA,03018,0005,0632,UE2020,204,51,7,1,263,344
738,RR,BOA VISTA,03018,0005,0638,UE2020,183,64,4,3,254,344
739,RR,BOA VISTA,03018,0005,0639,UE2020,194,45,4,3,246,334
740,RR,BOA VISTA,03018,0005,0640,UE2020,197,52,2,2,253,308
741,RR,BOA VISTA,03018,0005,0641,UE2020,183,50,0,2,235,306
742,RR,BOA VISTA,03018,0005,0644,UE2020,74,9,1,1,85,110
743,RR,BOA VISTA,03018,0005,0647,UE2020,216,46,1,3,266,341
744,RR,BOA VISTA,03018,0005,0648,UE2020,204,60,1,2,267,326
745,RR,BOA VISTA,03018,0005,0649,UE2020,260,74,2,2,338,421
746,RR,BOA VISTA,03018,0005,0650,UE2020,222,49,2,2,275,342
747,RR,BOA VISTA,03018,0005,0651,UE2020,114,63,2,2,181,204
748,RR,BOA VISTA,03018,0005,0652,UE2020,205,64,3,2,274,340
749,RR,BOA VISTA,03018,0005,0653,UE2020,194,47,4,0,245,310
750,RR,BOA VISTA,03018,0005,0654,UE2020,70,24,1,2,97,124
751,RR,BOA VISTA,03018,0005,0655,UE2020,127,46,4,3,180,232
752,RR,BOA VISTA,03018,0005,0656,UE2020,214,62,2,1,279,348
753,RR,BOA VISTA,03018,0005,0657,UE2020,219,69,4,3,295,345
754,RR,BOA VISTA,03018,0005,0658,UE2020,157,45,2,3,207,266
755,RR,BOA VISTA,03018,0005,0659,UE2020,63,16,1,2,82,101
756,RR,BOA VISTA,03018,0005,0660,UE2020,175,60,0,1,236,288
757,RR,BOA VISTA,03018,0005,0661,UE2020,214,60,1,1,276,344
758,RR,BOA VISTA,03018,0005,0662,UE2020,217,57,2,1,277,348
759,RR,BOA VISTA,03018,0005,0664,UE2020,161,46,1,1,209,272
760,RR,BOA VISTA,03018,0005,0667,UE2020,134,33,1,0,168,222
761,RR,BOA VISTA,03018,0005,0671,UE2020,102,19,0,0,121,161
762,RR,BOA VISTA,03018,0005,0673,UE2020,166,61,1,0,228,291
763,RR,BOA VISTA,03018,0005,0674,UE2020,220,48,2,1,271,346
764,RR,BOA VISTA,03018,0005,0677,UE2020,149,43,2,2,196,255
765,RR,BOA VISTA,03018,0005,0678,UE2020,89,26,0,0,115,157
766,RR,BOA VISTA,03018,0005,0679,UE2020,190,52,0,2,244,296
767,RR,IRACEMA,03026,0006,0001,UE2020,148,43,2,3,196,236
768,RR,IRACEMA,03026,0006,0002,UE2020,105,78,2,3,188,226
769,RR,IRACEMA,03026,0006,0003,UE2020,132,38,1,2,173,219
770,RR,IRACEMA,03026,0006,0004,UE2020,123,49,0,5,177,223
771,RR,IRACEMA,03026,0006,0005,UE2020,131,48,3,0,182,221
772,RR,IRACEMA,03026,0006,0006,UE2020,121,58,2,5,186,229
773,RR,IRACEMA,03026,0006,0007,UE2013,89,62,0,4,155,210
774,RR,IRACEMA,03026,0006,0008,UE2013,96,55,4,0,155,209
775,RR,IRACEMA,03026,0006,0009,UE2020,119,76,2,5,202,259
776,RR,IRACEMA,03026,0006,0010,UE2020,109,85,1,4,199,258
777,RR,IRACEMA,03026,0006,0011,UE2020,115,75,3,5,198,259
778,RR,IRACEMA,03026,0006,0012,UE2020,133,68,0,4,205,252
779,RR,IRACEMA,03026,0006,0013,UE2020,131,54,2,2,189,258
780,RR,IRACEMA,03026,0006,0015,UE2020,132,73,5,2,212,261
781,RR,IRACEMA,03026,0006,0016,UE2015,148,43,1,0,192,257
782,RR,IRACEMA,03026,0006,0017,UE2015,161,34,0,4,199,263
783,RR,IRACEMA,03026,0006,0018,UE2015,156,31,0,1,188,258
784,RR,IRACEMA,03026,0006,0019,UE2020,137,68,2,7,214,294
785,RR,IRACEMA,03026,0006,0020,UE2020,131,63,1,4,199,294
786,RR,IRACEMA,03026,0006,0070,UE2020,119,46,3,5,173,223
787,RR,IRACEMA,03026,0006,0072,UE2015,145,31,3,4,183,258
788,RR,IRACEMA,03026,0006,0086,UE2015,144,35,0,0,179,298
789,RR,IRACEMA,03026,0006,0087,UE2020,155,45,1,2,203,295
790,RR,CARACARAÍ,03034,0002,0001,UE2020,138,46,1,2,187,258
791,RR,CARACARAÍ,03034,0002,0002,UE2020,138,35,0,2,175,240
792,RR,CARACARAÍ,03034,0002,0003,UE2020,131,38,0,4,173,236
793,RR,CARACARAÍ,03034,0002,0004,UE2020,147,60,0,0,207,285
794,RR,CARACARAÍ,03034,0002,0005,UE2020,130,38,3,4,175,234
795,RR,CARACARAÍ,03034,0002,0006,UE2020,110,46,1,4,161,215
796,RR,CARACARAÍ,03034,0002,0007,UE2020,168,49,1,2,220,287
797,RR,CARACARAÍ,03034,0002,0008,UE2020,132,43,0,1,176,224
798,RR,CARACARAÍ,03034,0002,0009,UE2015,186,71,0,2,259,389
799,RR,CARACARAÍ,03034,0002,0010,UE2015,110,66,0,1,177,257
800,RR,CARACARAÍ,03034,0002,0011,UE2015,96,23,1,2,122,213
801,RR,CARACARAÍ,03034,0002,0060,UE2020,137,41,0,2,180,252
802,RR,CARACARAÍ,03034,0002,0061,UE2020,153,51,0,2,206,288
803,RR,CARACARAÍ,03034,0002,0062,UE2020,118,39,1,3,161,219
804,RR,CARACARAÍ,03034,0002,0063,UE2020,126,42,1,1,170,230
805,RR,CARACARAÍ,03034,0002,0069,UE2020,177,47,1,3,228,293
806,RR,CARACARAÍ,03034,0002,0085,UE2020,126,30,1,3,160,225
807,RR,CARACARAÍ,03034,0002,0088,UE2015,134,66,0,4,204,284
808,RR,CARACARAÍ,03034,0002,0089,UE2020,125,34,1,3,163,224
809,RR,CARACARAÍ,03034,0002,0090,UE2015,49,46,1,2,98,178
810,RR,CARACARAÍ,03034,0002,0091,UE2015,34,102,0,1,137,215
811,RR,CARACARAÍ,03034,0002,0092,UE2015,48,138,2,2,190,279
812,RR,CARACARAÍ,03034,0002,0094,UE2015,107,67,2,2,178,256
813,RR,CARACARAÍ,03034,0002,0097,UE2020,114,45,2,1,162,215
814,RR,CARACARAÍ,03034,0002,0100,UE2020,143,48,2,1,194,249
815,RR,CARACARAÍ,03034,0002,0104,UE2020,126,56,1,3,186,252
816,RR,CARACARAÍ,03034,0002,0108,UE2020,154,54,0,1,209,281
817,RR,CARACARAÍ,03034,0002,0112,UE2015,94,62,0,3,159,253
818,RR,CARACARAÍ,03034,0002,0115,UE2020,134,33,2,1,170,226
819,RR,CARACARAÍ,03034,0002,0123,UE2020,157,45,2,1,205,288
820,RR,CARACARAÍ,03034,0002,0125,UE2020,174,47,1,1,223,289
821,RR,CARACARAÍ,03034,0002,0126,UE2015,116,56,0,3,175,283
822,RR,CARACARAÍ,03034,0002,0127,UE2020,153,56,1,1,211,288
823,RR,CARACARAÍ,03034,0002,0131,UE2015,121,78,2,1,202,287
824,RR,CARACARAÍ,03034,0002,0135,UE2020,147,29,0,3,179,242
825,RR,CARACARAÍ,03034,0002,0136,UE2020,125,50,0,1,176,247
826,RR,CARACARAÍ,03034,0002,0137,UE2020,129,26,0,3,158,223
827,RR,CARACARAÍ,03034,0002,0143,UE2015,101,69,3,2,175,262
828,RR,CARACARAÍ,03034,0002,0156,UE2020,175,46,2,2,225,285
829,RR,CARACARAÍ,03034,0002,0159,UE2015,135,41,0,1,177,281
830,RR,CARACARAÍ,03034,0002,0160,UE2020,146,35,2,0,183,236
831,RR,CARACARAÍ,03034,0002,0166,UE2020,139,55,1,0,195,284
832,RR,CARACARAÍ,03034,0002,0168,UE2020,131,39,2,2,174,249
833,RR,CARACARAÍ,03034,0002,0169,UE2020,123,30,0,0,153,224
834,RR,CARACARAÍ,03034,0002,0170,UE2020,172,40,3,3,218,290
835,RR,CARACARAÍ,03034,0002,0171,UE2015,129,41,1,2,173,280
836,RR,CARACARAÍ,03034,0002,0172,UE2020,118,60,2,5,185,285
837,RR,CARACARAÍ,03034,0002,0173,UE2015,163,63,0,1,227,295
838,RR,CARACARAÍ,03034,0002,0174,UE2020,153,43,0,4,200,283
839,RR,CARACARAÍ,03034,0002,0176,UE2020,118,43,0,3,164,284
840,RR,CARACARAÍ,03034,0002,0177,UE2020,141,43,0,3,187,272
841,RR,CARACARAÍ,03034,0002,0178,UE2020,129,41,0,2,172,225
842,RR,CARACARAÍ,03034,0002,0179,UE2020,106,39,1,2,148,236
843,RR,CARACARAÍ,03034,0002,0180,UE2015,67,58,0,2,127,175
844,RR,CARACARAÍ,03034,0002,0182,UE2015,124,40,1,2,167,286
845,RR,AMAJARI,03042,0007,0024,UE2020,160,31,0,0,191,245
846,RR,AMAJARI,03042,0007,0025,UE2020,133,47,0,3,183,237
847,RR,AMAJARI,03042,0007,0026,UE2020,142,43,1,0,186,242
848,RR,AMAJARI,03042,0007,0027,UE2020,134,37,0,1,172,234
849,RR,AMAJARI,03042,0007,0028,UE2015,122,55,0,2,179,245
850,RR,AMAJARI,03042,0007,0029,UE2015,130,49,0,0,179,239
851,RR,AMAJARI,03042,0007,0030,UE2015,147,39,0,1,187,246
852,RR,AMAJARI,03042,0007,0031,UE2015,125,51,0,3,179,239
853,RR,AMAJARI,03042,0007,0033,UE2015,132,40,1,0,173,242
854,RR,AMAJARI,03042,0007,0034,UE2015,121,37,0,0,158,244
855,RR,AMAJARI,03042,0007,0035,UE2015,133,39,1,1,174,242
856,RR,AMAJARI,03042,0007,0036,UE2015,133,30,0,3,166,218
857,RR,AMAJARI,03042,0007,0038,UE2015,49,32,0,0,81,99
858,RR,AMAJARI,03042,0007,0039,UE2020,228,42,0,1,271,374
859,RR,AMAJARI,03042,0007,0041,UE2015,214,101,2,0,317,383
860,RR,AMAJARI,03042,0007,0042,UE2020,141,35,0,3,179,232
861,RR,AMAJARI,03042,0007,0043,UE2020,203,33,2,3,241,331
862,RR,AMAJARI,03042,0007,0045,UE2015,105,31,0,0,136,175
863,RR,AMAJARI,03042,0007,0067,UE2020,138,31,0,2,171,238
864,RR,AMAJARI,03042,0007,0077,UE2015,99,29,0,0,128,246
865,RR,AMAJARI,03042,0007,0078,UE2015,124,11,0,0,135,219
866,RR,AMAJARI,03042,0007,0079,UE2015,88,70,1,3,162,189
867,RR,AMAJARI,03042,0007,0082,UE2020,134,25,0,2,161,241
868,RR,AMAJARI,03042,0007,0086,UE2015,90,28,1,3,122,171
869,RR,AMAJARI,03042,0007,0094,UE2015,138,32,1,1,172,245
870,RR,AMAJARI,03042,0007,0097,UE2020,122,38,0,2,162,236
871,RR,AMAJARI,03042,0007,0098,UE2015,125,30,1,1,157,243
872,RR,ALTO ALEGRE,03050,0003,0012,UE2020,161,45,2,2,210,259
873,RR,ALTO ALEGRE,03050,0003,0013,UE2020,127,48,3,5,183,257
874,RR,ALTO ALEGRE,03050,0003,0014,UE2020,143,46,1,2,192,249
875,RR,ALTO ALEGRE,03050,0003,0015,UE2020,144,44,0,2,190,257
876,RR,ALTO ALEGRE,03050,0003,0016,UE2020,139,57,1,2,199,257
877,RR,ALTO ALEGRE,03050,0003,0017,UE2020,139,53,1,2,195,290
878,RR,ALTO ALEGRE,03050,0003,0018,UE2020,186,44,2,1,233,291
879,RR,ALTO ALEGRE,03050,0003,0019,UE2020,166,66,1,6,239,295
880,RR,ALTO ALEGRE,03050,0003,0020,UE2020,183,48,1,4,236,294
881,RR,ALTO ALEGRE,03050,0003,0021,UE2020,183,50,1,5,239,297
882,RR,ALTO ALEGRE,03050,0003,0022,UE2020,185,58,1,6,250,295
883,RR,ALTO ALEGRE,03050,0003,0023,UE2015,105,34,0,0,139,194
884,RR,ALTO ALEGRE,03050,0003,0024,UE2015,122,44,0,0,166,200
885,RR,ALTO ALEGRE,03050,0003,0025,UE2015,172,43,1,1,217,271
886,RR,ALTO ALEGRE,03050,0003,0028,UE2015,101,114,0,0,215,252
887,RR,ALTO ALEGRE,03050,0003,0029,UE2015,144,8,1,0,153,201
888,RR,ALTO ALEGRE,03050,0003,0030,UE2020,120,44,0,3,167,234
889,RR,ALTO ALEGRE,03050,0003,0031,UE2015,156,14,0,1,171,206
890,RR,ALTO ALEGRE,03050,0003,0085,UE2020,116,47,1,0,164,242
891,RR,ALTO ALEGRE,03050,0003,0094,UE2015,133,47,0,1,181,260
892,RR,ALTO ALEGRE,03050,0003,0097,UE2020,142,43,0,2,187,240
893,RR,ALTO ALEGRE,03050,0003,0117,UE2020,119,43,1,2,165,235
894,RR,ALTO ALEGRE,03050,0003,0121,UE2020,129,39,1,5,174,235
895,RR,ALTO ALEGRE,03050,0003,0128,UE2015,111,45,0,0,156,190
896,RR,ALTO ALEGRE,03050,0003,0129,UE2020,136,42,0,3,181,233
897,RR,ALTO ALEGRE,03050,0003,0155,UE2020,152,41,0,1,194,257
898,RR,ALTO ALEGRE,03050,0003,0157,UE2020,179,47,2,1,229,298
899,RR,ALTO ALEGRE,03050,0003,0167,UE2015,62,135,0,0,197,238
900,RR,ALTO ALEGRE,03050,0003,0169,UE2015,121,106,1,2,230,299
901,RR,ALTO ALEGRE,03050,0003,0184,UE2015,140,32,0,0,172,257
902,RR,ALTO ALEGRE,03050,0003,0193,UE2015,189,32,1,0,222,272
903,RR,ALTO ALEGRE,03050,0003,0206,UE2020,144,46,1,3,194,258
904,RR,ALTO ALEGRE,03050,0003,0207,UE2015,108,72,1,1,182,253
905,RR,ALTO ALEGRE,03050,0003,0208,UE2020,123,28,1,2,154,232
906,RR,ALTO ALEGRE,03050,0003,0209,UE2015,59,129,1,2,191,241
907,RR,ALTO ALEGRE,03050,0003,0211,UE2020,160,40,0,3,203,290
908,RR,ALTO ALEGRE,03050,0003,0212,UE2015,211,54,0,3,268,347
909,RR,ALTO ALEGRE,03050,0003,0224,UE2015,140,33,1,0,174,257
910,RR,ALTO ALEGRE,03050,0003,0226,UE2015,45,47,0,0,92,148
911,RR,ALTO ALEGRE,03050,0003,0232,UE2020,194,38,0,1,233,291
912,RR,ALTO ALEGRE,03050,0003,0236,UE2013,127,9,0,0,136,205
913,RR,ALTO ALEGRE,03050,0003,0240,UE2015,161,26,0,3,190,263
914,RR,ALTO ALEGRE,03050,0003,0241,UE2015,153,42,0,1,196,267
915,RR,CANTÁ,03069,0005,0482,UE2020,139,43,0,4,186,255
916,RR,CANTÁ,03069,0005,0483,UE2020,151,46,1,3,201,258
917,RR,CANTÁ,03069,0005,0484,UE2020,138,47,0,3,188,251
918,RR,CANTÁ,03069,0005,0485,UE2020,159,40,0,0,199,248
919,RR,CANTÁ,03069,0005,0486,UE2020,154,43,0,1,198,249
920,RR,CANTÁ,03069,0005,0487,UE2020,142,43,2,0,187,251
921,RR,CANTÁ,03069,0005,0488,UE2020,151,31,1,2,185,253
922,RR,CANTÁ,03069,0005,0489,UE2015,145,27,1,1,174,222
923,RR,CANTÁ,03069,0005,0490,UE2015,144,18,2,2,166,217
924,RR,CANTÁ,03069,0005,0492,UE2015,157,39,0,3,199,259
925,RR,CANTÁ,03069,0005,0493,UE2015,160,30,0,3,193,265
926,RR,CANTÁ,03069,0005,0494,UE2015,143,37,1,0,181,259
927,RR,CANTÁ,03069,0005,0495,UE2015,172,45,2,4,223,306
928,RR,CANTÁ,03069,0005,0496,UE2015,157,22,0,0,179,246
929,RR,CANTÁ,03069,0005,0497,UE2015,63,123,3,3,192,235
930,RR,CANTÁ,03069,0005,0498,UE2015,80,118,1,5,204,242
931,RR,CANTÁ,03069,0005,0499,UE2015,159,31,3,4,197,255
932,RR,CANTÁ,03069,0005,0500,UE2015,158,28,4,0,190,252
933,RR,CANTÁ,03069,0005,0501,UE2015,160,29,0,0,189,261
934,RR,CANTÁ,03069,0005,0502,UE2015,149,27,2,0,178,256
935,RR,CANTÁ,03069,0005,0503,UE2015,84,172,0,3,259,298
936,RR,CANTÁ,03069,0005,0504,UE2015,100,150,2,1,253,307
937,RR,CANTÁ,03069,0005,0505,UE2015,152,51,1,3,207,256
938,RR,CANTÁ,03069,0005,0506,UE2015,144,36,1,1,182,257
939,RR,CANTÁ,03069,0005,0507,UE2015,155,16,2,0,173,225
940,RR,CANTÁ,03069,0005,0508,UE2015,157,24,0,2,183,229
941,RR,CANTÁ,03069,0005,0509,UE2015,123,67,1,0,191,268
942,RR,CANTÁ,03069,0005,0511,UE2015,63,168,0,1,232,258
943,RR,CANTÁ,03069,0005,0512,UE2015,120,27,0,2,149,245
944,RR,CANTÁ,03069,0005,0514,UE2015,109,33,0,2,144,204
945,RR,CANTÁ,03069,0005,0515,UE2015,112,38,0,4,154,221
946,RR,CANTÁ,03069,0005,0516,UE2015,105,36,2,2,145,221
947,RR,CANTÁ,03069,0005,0517,UE2015,123,32,1,0,156,221
948,RR,CANTÁ,03069,0005,0518,UE2015,106,23,1,2,132,222
949,RR,CANTÁ,03069,0005,0519,UE2020,141,44,1,2,188,258
950,RR,CANTÁ,03069,0005,0520,UE2020,147,40,0,3,190,250
951,RR,CANTÁ,03069,0005,0521,UE2015,165,38,0,2,205,321
952,RR,CANTÁ,03069,0005,0523,UE2015,217,68,4,2,291,362
953,RR,CANTÁ,03069,0005,0524,UE2015,172,44,4,1,221,286
954,RR,CANTÁ,03069,0005,0525,UE2015,97,37,0,0,134,232
955,RR,CANTÁ,03069,0005,0526,UE2015,148,60,1,2,211,299
956,RR,CANTÁ,03069,0005,0527,UE2015,152,62,0,2,216,294
957,RR,CANTÁ,03069,0005,0528,UE2015,183,54,0,3,240,343
958,RR,CANTÁ,03069,0005,0529,UE2015,205,33,0,1,239,307
959,RR,CANTÁ,03069,0005,0530,UE2020,141,41,0,4,186,261
960,RR,CANTÁ,03069,0005,0531,UE2020,147,36,0,1,184,260
961,RR,CANTÁ,03069,0005,0534,UE2020,152,31,3,2,188,254
962,RR,CANTÁ,03069,0005,0536,UE2015,54,56,0,1,111,200
963,RR,CANTÁ,03069,0005,0605,UE2015,46,81,0,1,128,145
964,RR,CANTÁ,03069,0005,0606,UE2015,73,105,1,0,179,235
965,RR,CANTÁ,03069,0005,0620,UE2015,146,43,2,1,192,295
966,RR,CANTÁ,03069,0005,0642,UE2020,89,27,1,0,117,134
967,RR,CANTÁ,03069,0005,0643,UE2020,98,20,0,0,118,137
968,RR,BONFIM,03077,0005,0537,UE2020,175,41,0,0,216,258
969,RR,BONFIM,03077,0005,0538,UE2020,180,28,2,1,211,261
970,RR,BONFIM,03077,0005,0539,UE2020,162,27,1,1,191,256
971,RR,BONFIM,03077,0005,0540,UE2020,155,34,0,6,195,256
972,RR,BONFIM,03077,0005,0541,UE2020,141,37,0,0,178,257
973,RR,BONFIM,03077,0005,0542,UE2020,138,26,1,0,165,257
974,RR,BONFIM,03077,0005,0543,UE2015,113,96,0,2,211,261
975,RR,BONFIM,03077,0005,0544,UE2015,104,101,0,0,205,257
976,RR,BONFIM,03077,0005,0545,UE2015,118,77,0,1,196,256
977,RR,BONFIM,03077,0005,0546,UE2015,194,40,0,1,235,295
978,RR,BONFIM,03077,0005,0547,UE2015,196,37,0,0,233,295
979,RR,BONFIM,03077,0005,0548,UE2015,163,49,2,0,214,293
980,RR,BONFIM,03077,0005,0549,UE2015,66,172,5,4,247,288
981,RR,BONFIM,03077,0005,0550,UE2015,55,153,1,5,214,273
982,RR,BONFIM,03077,0005,0551,UE2015,111,41,0,1,153,242
983,RR,BONFIM,03077,0005,0552,UE2015,130,34,0,0,164,245
984,RR,BONFIM,03077,0005,0553,UE2015,112,29,0,0,141,235
985,RR,BONFIM,03077,0005,0554,UE2015,153,42,2,2,199,258
986,RR,BONFIM,03077,0005,0555,UE2015,151,46,2,3,202,256
987,RR,BONFIM,03077,0005,0556,UE2015,164,33,0,0,197,257
988,RR,BONFIM,03077,0005,0557,UE2015,144,36,0,2,182,253
989,RR,BONFIM,03077,0005,0558,UE2015,28,138,0,2,168,209
990,RR,BONFIM,03077,0005,0559,UE2015,29,111,1,0,141,192
991,RR,BONFIM,03077,0005,0560,UE2015,49,165,0,0,214,244
992,RR,BONFIM,03077,0005,0561,UE2015,51,102,0,1,154,204
993,RR,BONFIM,03077,0005,0563,UE2015,74,12,0,2,88,120
994,RR,BONFIM,03077,0005,0564,UE2020,178,43,3,6,230,268
995,RR,BONFIM,03077,0005,0565,UE2020,169,32,0,1,202,261
996,RR,BONFIM,03077,0005,0566,UE2020,149,36,0,1,186,259
997,RR,BONFIM,03077,0005,0567,UE2020,154,24,1,2,181,261
998,RR,BONFIM,03077,0005,0568,UE2020,140,33,0,2,175,263
999,RR,BONFIM,03077,0005,0569,UE2015,22,137,0,0,159,195
1000,RR,BONFIM,03077,0005,0570,UE2020,187,38,1,3,229,294
1001,RR,BONFIM,03077,0005,0571,UE2020,182,31,0,4,217,291
1002,RR,BONFIM,03077,0005,0572,UE2020,172,36,0,3,211,290
1003,RR,BONFIM,03077,0005,0573,UE2020,167,37,1,4,209,291
1004,RR,BONFIM,03077,0005,0574,UE2020,177,25,3,2,207,291
1005,RR,BONFIM,03077,0005,0575,UE2015,79,67,0,0,146,187
1006,RR,BONFIM,03077,0005,0576,UE2015,117,52,0,4,173,248
1007,RR,BONFIM,03077,0005,0577,UE2015,47,66,0,1,114,165
1008,RR,BONFIM,03077,0005,0635,UE2015,103,18,1,1,123,158
1009,RR,RORAINÓPOLIS,03085,0008,0001,UE2015,143,72,2,2,219,293
1010,RR,RORAINÓPOLIS,03085,0008,0002,UE2015,125,85,1,1,212,288
1011,RR,RORAINÓPOLIS,03085,0008,0003,UE2015,135,67,0,2,204,283
1012,RR,RORAINÓPOLIS,03085,0008,0004,UE2015,117,45,0,6,168,212
1013,RR,RORAINÓPOLIS,03085,0008,0005,UE2015,99,40,0,3,142,209
1014,RR,RORAINÓPOLIS,03085,0008,0006,UE2015,132,41,1,0,174,212
1015,RR,RORAINÓPOLIS,03085,0008,0007,UE2015,92,50,0,0,142,213
1016,RR,RORAINÓPOLIS,03085,0008,0008,UE2015,97,50,1,5,153,207
1017,RR,RORAINÓPOLIS,03085,0008,0009,UE2020,143,51,2,7,203,258
1018,RR,RORAINÓPOLIS,03085,0008,0010,UE2020,130,63,2,0,195,257
1019,RR,RORAINÓPOLIS,03085,0008,0011,UE2020,156,38,1,3,198,256
1020,RR,RORAINÓPOLIS,03085,0008,0012,UE2020,136,49,2,4,191,256
1021,RR,RORAINÓPOLIS,03085,0008,0013,UE2020,139,47,4,2,192,253
1022,RR,RORAINÓPOLIS,03085,0008,0014,UE2020,142,51,1,2,196,255
1023,RR,RORAINÓPOLIS,03085,0008,0015,UE2020,136,55,2,3,196,262
1024,RR,RORAINÓPOLIS,03085,0008,0016,UE2020,156,52,2,2,212,260
1025,RR,RORAINÓPOLIS,03085,0008,0017,UE2020,147,43,1,3,194,257
1026,RR,RORAINÓPOLIS,03085,0008,0018,UE2020,157,44,0,2,203,261
1027,RR,RORAINÓPOLIS,03085,0008,0019,UE2020,136,41,1,1,179,254
1028,RR,RORAINÓPOLIS,03085,0008,0020,UE2020,138,50,2,3,193,256
1029,RR,RORAINÓPOLIS,03085,0008,0021,UE2015,105,83,1,3,192,236
1030,RR,RORAINÓPOLIS,03085,0008,0022,UE2015,109,65,2,2,178,238
1031,RR,RORAINÓPOLIS,03085,0008,0023,UE2015,122,52,1,3,178,233
1032,RR,RORAINÓPOLIS,03085,0008,0024,UE2015,129,82,0,2,213,342
1033,RR,RORAINÓPOLIS,03085,0008,0028,UE2015,104,53,1,1,159,256
1034,RR,RORAINÓPOLIS,03085,0008,0029,UE2015,100,45,0,1,146,256
1035,RR,RORAINÓPOLIS,03085,0008,0030,UE2015,29,53,3,0,85,164
1036,RR,RORAINÓPOLIS,03085,0008,0031,UE2020,155,51,0,2,208,276
1037,RR,RORAINÓPOLIS,03085,0008,0032,UE2020,155,66,3,2,226,289
1038,RR,RORAINÓPOLIS,03085,0008,0033,UE2020,154,56,0,1,211,286
1039,RR,RORAINÓPOLIS,03085,0008,0034,UE2020,164,45,1,1,211,284
1040,RR,RORAINÓPOLIS,03085,0008,0035,UE2020,162,50,1,3,216,283
1041,RR,RORAINÓPOLIS,03085,0008,0036,UE2020,136,80,2,1,219,276
1042,RR,RORAINÓPOLIS,03085,0008,0037,UE2020,153,50,2,2,207,274
1043,RR,RORAINÓPOLIS,03085,0008,0038,UE2020,158,45,1,6,210,274
1044,RR,RORAINÓPOLIS,03085,0008,0039,UE2020,144,56,0,3,203,273
1045,RR,RORAINÓPOLIS,03085,0008,0040,UE2020,153,46,1,0,200,282
1046,RR,RORAINÓPOLIS,03085,0008,0041,UE2020,171,47,1,2,221,284
1047,RR,RORAINÓPOLIS,03085,0008,0042,UE2020,155,47,1,6,209,281
1048,RR,RORAINÓPOLIS,03085,0008,0043,UE2020,169,52,0,2,223,265
1049,RR,RORAINÓPOLIS,03085,0008,0044,UE2020,168,39,1,4,212,264
1050,RR,RORAINÓPOLIS,03085,0008,0045,UE2020,149,55,0,1,205,261
1051,RR,RORAINÓPOLIS,03085,0008,0046,UE2020,160,49,1,1,211,261
1052,RR,RORAINÓPOLIS,03085,0008,0047,UE2020,140,42,2,1,185,228
1053,RR,RORAINÓPOLIS,03085,0008,0048,UE2020,121,47,1,0,169,226
1054,RR,RORAINÓPOLIS,03085,0008,0049,UE2020,146,43,2,0,191,229
1055,RR,RORAINÓPOLIS,03085,0008,0050,UE2020,127,41,0,0,168,232
1056,RR,RORAINÓPOLIS,03085,0008,0051,UE2020,138,40,2,0,180,229
1057,RR,RORAINÓPOLIS,03085,0008,0052,UE2015,148,49,1,2,200,283
1058,RR,RORAINÓPOLIS,03085,0008,0053,UE2015,51,20,0,1,72,107
1059,RR,RORAINÓPOLIS,03085,0008,0054,UE2020,163,30,2,1,196,252
1060,RR,RORAINÓPOLIS,03085,0008,0055,UE2020,133,51,2,2,188,267
1061,RR,RORAINÓPOLIS,03085,0008,0056,UE2015,100,36,0,1,137,211
1062,RR,RORAINÓPOLIS,03085,0008,0057,UE2020,138,51,0,3,192,262
1063,RR,RORAINÓPOLIS,03085,0008,0058,UE2020,128,39,2,2,171,245
1064,RR,RORAINÓPOLIS,03085,0008,0059,UE2015,154,71,2,0,227,328
1065,RR,RORAINÓPOLIS,03085,0008,0060,UE2015,97,46,0,1,144,213
1066,RR,RORAINÓPOLIS,03085,0008,0061,UE2020,152,32,2,2,188,252
1067,RR,RORAINÓPOLIS,03085,0008,0062,UE2015,137,81,3,6,227,294
1068,RR,RORAINÓPOLIS,03085,0008,0063,UE2020,139,47,1,1,188,274
1069,RR,RORAINÓPOLIS,03085,0008,0064,UE2020,129,32,1,1,163,225
1070,RR,RORAINÓPOLIS,03085,0008,0065,UE2020,167,36,2,2,207,292
1071,RR,RORAINÓPOLIS,03085,0008,0066,UE2020,155,37,1,1,194,275
1072,RR,RORAINÓPOLIS,03085,0008,0067,UE2020,128,39,1,1,169,232
1073,RR,RORAINÓPOLIS,03085,0008,0068,UE2015,87,42,0,1,130,214
1074,RR,RORAINÓPOLIS,03085,0008,0069,UE2020,203,57,4,0,264,331
1075,RR,RORAINÓPOLIS,03085,0008,0070,UE2020,150,57,2,2,211,291
1076,RR,RORAINÓPOLIS,03085,0008,0071,UE2020,155,52,6,1,214,269
1077,RR,RORAINÓPOLIS,03085,0008,0072,UE2020,131,61,2,5,199,274
1078,RR,RORAINÓPOLIS,03085,0008,0073,UE2020,159,45,1,1,206,288
1079,RR,RORAINÓPOLIS,03085,0008,0074,UE2015,127,45,0,0,172,273
1080,RR,RORAINÓPOLIS,03085,0008,0075,UE2015,119,38,1,4,162,235
1081,RR,RORAINÓPOLIS,03085,0008,0076,UE2020,132,42,2,2,178,247
1082,RR,RORAINÓPOLIS,03085,0008,0077,UE2020,137,48,4,2,191,280
1083,RR,RORAINÓPOLIS,03085,0008,0078,UE2020,145,39,0,1,185,300
1084,RR,RORAINÓPOLIS,03085,0008,0079,UE2015,132,44,1,1,178,286
1085,RR,RORAINÓPOLIS,03085,0008,0080,UE2020,160,44,2,1,207,294
1086,RR,RORAINÓPOLIS,03085,0008,0081,UE2020,116,47,3,0,166,210
1087,RR,RORAINÓPOLIS,03085,0008,0082,UE2015,104,16,1,1,122,137
1088,RR,RORAINÓPOLIS,03085,0008,0083,UE2020,135,58,1,4,198,242
1089,RR,MUCAJAÍ,03093,0006,0021,UE2020,136,49,3,5,193,236
1090,RR,MUCAJAÍ,03093,0006,0023,UE2020,142,36,1,4,183,233
1091,RR,MUCAJAÍ,03093,0006,0024,UE2020,143,39,0,1,183,241
1092,RR,MUCAJAÍ,03093,0006,0025,UE2020,160,43,2,1,206,250
1093,RR,MUCAJAÍ,03093,0006,0027,UE2020,145,30,0,1,176,237
1094,RR,MUCAJAÍ,03093,0006,0030,UE2020,147,34,1,2,184,236
1095,RR,MUCAJAÍ,03093,0006,0031,UE2020,156,40,1,1,198,240
1096,RR,MUCAJAÍ,03093,0006,0032,UE2020,167,63,1,4,235,294
1097,RR,MUCAJAÍ,03093,0006,0033,UE2020,168,54,0,3,225,295
1098,RR,MUCAJAÍ,03093,0006,0034,UE2020,168,52,0,0,220,289
1099,RR,MUCAJAÍ,03093,0006,0035,UE2020,218,72,1,2,293,376
1100,RR,MUCAJAÍ,03093,0006,0037,UE2020,220,57,3,6,286,365
1101,RR,MUCAJAÍ,03093,0006,0038,UE2020,125,40,2,6,173,215
1102,RR,MUCAJAÍ,03093,0006,0040,UE2020,128,31,0,1,160,210
1103,RR,MUCAJAÍ,03093,0006,0041,UE2020,195,36,2,1,234,291
1104,RR,MUCAJAÍ,03093,0006,0042,UE2020,191,39,1,2,233,289
1105,RR,MUCAJAÍ,03093,0006,0043,UE2020,167,43,2,2,214,290
1106,RR,MUCAJAÍ,03093,0006,0044,UE2020,196,40,2,3,241,285
1107,RR,MUCAJAÍ,03093,0006,0045,UE2020,201,38,0,1,240,287
1108,RR,MUCAJAÍ,03093,0006,0046,UE2020,169,38,1,4,212,288
1109,RR,MUCAJAÍ,03093,0006,0047,UE2015,236,38,2,4,280,364
1110,RR,MUCAJAÍ,03093,0006,0049,UE2015,212,49,2,3,266,371
1111,RR,MUCAJAÍ,03093,0006,0051,UE2015,212,46,2,4,264,366
1112,RR,MUCAJAÍ,03093,0006,0053,UE2015,164,32,2,2,200,259
1113,RR,MUCAJAÍ,03093,0006,0054,UE2015,229,56,1,4,290,374
1114,RR,MUCAJAÍ,03093,0006,0056,UE2015,233,53,1,1,288,376
1115,RR,MUCAJAÍ,03093,0006,0058,UE2020,213,58,1,1,273,352
1116,RR,MUCAJAÍ,03093,0006,0061,UE2020,145,54,1,2,202,258
1117,RR,MUCAJAÍ,03093,0006,0062,UE2020,139,55,1,2,197,257
1118,RR,MUCAJAÍ,03093,0006,0063,UE2020,159,50,1,0,210,250
1119,RR,MUCAJAÍ,03093,0006,0066,UE2015,134,36,3,2,175,239
1120,RR,MUCAJAÍ,03093,0006,0067,UE2015,129,51,3,2,185,249
1121,RR,MUCAJAÍ,03093,0006,0068,UE2015,140,51,2,3,196,247
1122,RR,MUCAJAÍ,03093,0006,0069,UE2020,165,44,0,4,213,288
1123,RR,MUCAJAÍ,03093,0006,0071,UE2020,205,42,0,3,250,328
1124,RR,MUCAJAÍ,03093,0006,0073,UE2015,65,50,0,0,115,144
1125,RR,MUCAJAÍ,03093,0006,0074,UE2020,185,32,2,0,219,287
1126,RR,MUCAJAÍ,03093,0006,0075,UE2015,153,28,0,0,181,247
1127,RR,MUCAJAÍ,03093,0006,0076,UE2020,196,68,1,4,269,351
1128,RR,MUCAJAÍ,03093,0006,0078,UE2015,86,33,0,2,121,159
1129,RR,MUCAJAÍ,03093,0006,0082,UE2020,163,56,3,2,224,323
1130,RR,MUCAJAÍ,03093,0006,0084,UE2020,170,50,3,1,224,327
1131,RR,MUCAJAÍ,03093,0006,0085,UE2020,173,23,2,2,200,285
1132,RR,MUCAJAÍ,03093,0006,0088,UE2020,164,62,4,2,232,291
1133,RR,UIRAMUTÃ,03107,0007,0046,UE2015,53,44,0,0,97,112
1134,RR,UIRAMUTÃ,03107,0007,0047,UE2015,84,95,0,4,183,228
1135,RR,UIRAMUTÃ,03107,0007,0048,UE2015,63,108,1,6,178,221
1136,RR,UIRAMUTÃ,03107,0007,0049,UE2015,66,113,0,3,182,223
1137,RR,UIRAMUTÃ,03107,0007,0050,UE2015,139,113,1,6,259,325
1138,RR,UIRAMUTÃ,03107,0007,0051,UE2015,107,153,0,5,265,323
1139,RR,UIRAMUTÃ,03107,0007,0052,UE2015,103,148,2,6,259,326
1140,RR,UIRAMUTÃ,03107,0007,0053,UE2015,50,27,1,0,78,110
1141,RR,UIRAMUTÃ,03107,0007,0054,UE2015,15,137,0,1,153,176
1142,RR,UIRAMUTÃ,03107,0007,0056,UE2015,277,17,0,3,297,354
1143,RR,UIRAMUTÃ,03107,0007,0057,UE2015,32,127,0,3,162,183
1144,RR,UIRAMUTÃ,03107,0007,0058,UE2015,88,76,0,1,165,200
1145,RR,UIRAMUTÃ,03107,0007,0060,UE2015,42,158,0,5,205,234
1146,RR,UIRAMUTÃ,03107,0007,0061,UE2015,1,234,0,2,237,263
1147,RR,UIRAMUTÃ,03107,0007,0062,UE2015,1,236,1,8,246,277
1148,RR,UIRAMUTÃ,03107,0007,0063,UE2015,0,176,0,2,178,215
1149,RR,UIRAMUTÃ,03107,0007,0066,UE2015,110,149,0,5,264,325
1150,RR,UIRAMUTÃ,03107,0007,0068,UE2015,64,140,0,1,205,234
1151,RR,UIRAMUTÃ,03107,0007,0072,UE2015,118,141,0,6,265,323
1152,RR,UIRAMUTÃ,03107,0007,0073,UE2015,43,177,0,1,221,254
1153,RR,UIRAMUTÃ,03107,0007,0081,UE2015,4,205,0,3,212,254
1154,RR,UIRAMUTÃ,03107,0007,0084,UE2015,5,263,0,2,270,328
1155,RR,UIRAMUTÃ,03107,0007,0096,UE2015,115,119,0,2,236,317
1156,RR,UIRAMUTÃ,03107,0007,0100,UE2015,9,170,0,3,182,204
1157,RR,UIRAMUTÃ,03107,0007,0101,UE2015,56,106,0,1,163,212
1158,RR,UIRAMUTÃ,03107,0007,0104,UE2015,1,98,0,1,100,108
1159,RR,NORMANDIA,03115,0005,0578,UE2020,124,51,0,3,178,230
1160,RR,NORMANDIA,03115,0005,0579,UE2020,138,48,1,1,188,234
1161,RR,NORMANDIA,03115,0005,0580,UE2020,127,53,1,1,182,230
1162,RR,NORMANDIA,03115,0005,0581,UE2020,165,59,2,2,228,279
1163,RR,NORMANDIA,03115,0005,0582,UE2020,203,89,0,3,295,364
1164,RR,NORMANDIA,03115,0005,0583,UE2020,173,51,1,5,230,285
1165,RR,NORMANDIA,03115,0005,0584,UE2020,180,57,1,3,241,283
1166,RR,NORMANDIA,03115,0005,0585,UE2020,152,88,2,2,244,287
1167,RR,NORMANDIA,03115,0005,0586,UE2020,152,74,2,0,228,290
1168,RR,NORMANDIA,03115,0005,0587,UE2020,156,67,1,1,225,284
1169,RR,NORMANDIA,03115,0005,0588,UE2020,155,57,1,0,213,277
1170,RR,NORMANDIA,03115,0005,0589,UE2015,124,60,0,0,184,228
1171,RR,NORMANDIA,03115,0005,0590,UE2015,124,52,0,0,176,231
1172,RR,NORMANDIA,03115,0005,0591,UE2015,112,62,0,1,175,227
1173,RR,NORMANDIA,03115,0005,0592,UE2015,124,61,0,0,185,225
1174,RR,NORMANDIA,03115,0005,0593,UE2015,210,77,0,0,287,365
1175,RR,NORMANDIA,03115,0005,0594,UE2015,131,89,1,3,224,273
1176,RR,NORMANDIA,03115,0005,0595,UE2015,125,97,0,1,223,275
1177,RR,NORMANDIA,03115,0005,0596,UE2015,122,87,0,0,209,273
1178,RR,NORMANDIA,03115,0005,0598,UE2015,50,261,1,2,314,378
1179,RR,NORMANDIA,03115,0005,0600,UE2015,160,126,0,2,288,349
1180,RR,NORMANDIA,03115,0005,0601,UE2015,115,88,0,0,203,268
1181,RR,NORMANDIA,03115,0005,0602,UE2015,32,157,0,1,190,235
1182,RR,NORMANDIA,03115,0005,0603,UE2015,46,139,0,1,186,236
1183,RR,NORMANDIA,03115,0005,0604,UE2015,21,144,0,0,165,194
1184,RR,NORMANDIA,03115,0005,0611,UE2015,53,81,1,0,135,152
1185,RR,NORMANDIA,03115,0005,0612,UE2020,130,45,0,0,175,264
1186,RR,NORMANDIA,03115,0005,0615,UE2020,98,66,0,1,165,228
1187,RR,NORMANDIA,03115,0005,0627,UE2015,0,55,0,1,56,75
1188,RR,NORMANDIA,03115,0005,0668,UE2015,15,85,0,1,101,125
1189,RR,PACARAIMA,03123,0007,0001,UE2015,57,99,1,1,158,210
1190,RR,PACARAIMA,03123,0007,0002,UE2015,43,101,0,1,145,207
1191,RR,PACARAIMA,03123,0007,0003,UE2015,65,100,0,4,169,212
1192,RR,PACARAIMA,03123,0007,0005,UE2020,128,41,1,4,174,247
1193,RR,PACARAIMA,03123,0007,0006,UE2020,135,34,0,0,169,246
1194,RR,PACARAIMA,03123,0007,0007,UE2020,138,31,1,1,171,243
1195,RR,PACARAIMA,03123,0007,0008,UE2020,132,43,0,2,177,244
1196,RR,PACARAIMA,03123,0007,0009,UE2020,133,39,0,2,174,241
1197,RR,PACARAIMA,03123,0007,0010,UE2015,166,45,0,0,211,255
1198,RR,PACARAIMA,03123,0007,0011,UE2015,156,61,0,2,219,256
1199,RR,PACARAIMA,03123,0007,0012,UE2015,71,110,1,3,185,249
1200,RR,PACARAIMA,03123,0007,0014,UE2020,129,41,2,1,173,243
1201,RR,PACARAIMA,03123,0007,0015,UE2020,134,44,1,3,182,246
1202,RR,PACARAIMA,03123,0007,0016,UE2020,131,41,0,2,174,247
1203,RR,PACARAIMA,03123,0007,0017,UE2020,132,36,1,1,170,244
1204,RR,PACARAIMA,03123,0007,0018,UE2020,123,41,1,1,166,245
1205,RR,PACARAIMA,03123,0007,0019,UE2015,99,89,0,0,188,242
1206,RR,PACARAIMA,03123,0007,0020,UE2015,14,102,0,0,116,140
1207,RR,PACARAIMA,03123,0007,0021,UE2020,96,31,2,1,130,211
1208,RR,PACARAIMA,03123,0007,0022,UE2020,103,29,0,1,133,205
1209,RR,PACARAIMA,03123,0007,0023,UE2020,110,32,1,1,144,209
1210,RR,PACARAIMA,03123,0007,0064,UE2020,119,48,0,0,167,245
1211,RR,PACARAIMA,03123,0007,0065,UE2020,133,28,0,0,161,241
1212,RR,PACARAIMA,03123,0007,0069,UE2015,74,108,1,0,183,255
1213,RR,PACARAIMA,03123,0007,0070,UE2020,97,20,1,0,118,203
1214,RR,PACARAIMA,03123,0007,0071,UE2020,104,18,0,1,123,206
1215,RR,PACARAIMA,03123,0007,0074,UE2020,103,46,2,0,151,245
1216,RR,PACARAIMA,03123,0007,0075,UE2020,129,89,0,1,219,338
1217,RR,PACARAIMA,03123,0007,0076,UE2015,151,67,0,1,219,254
1218,RR,PACARAIMA,03123,0007,0080,UE2015,6,97,0,0,103,122
1219,RR,PACARAIMA,03123,0007,0085,UE2015,81,95,0,0,176,210
1220,RR,PACARAIMA,03123,0007,0087,UE2015,16,138,0,0,154,186
1221,RR,PACARAIMA,03123,0007,0090,UE2015,110,104,1,3,218,302
1222,RR,PACARAIMA,03123,0007,0092,UE2020,110,37,1,2,150,256
1223,RR,PACARAIMA,03123,0007,0093,UE2020,111,20,1,2,134,206
1224,RR,PACARAIMA,03123,0007,0103,UE2015,199,60,2,0,261,317
1225,RR,SÃO JOÃO DA BALIZA,03131,0004,0001,UE2020,115,58,1,4,178,232
1226,RR,SÃO JOÃO DA BALIZA,03131,0004,0002,UE2020,114,53,1,2,170,235
1227,RR,SÃO JOÃO DA BALIZA,03131,0004,0003,UE2020,116,54,0,3,173,233
1228,RR,SÃO JOÃO DA BALIZA,03131,0004,0004,UE2020,115,60,1,2,178,237
1229,RR,SÃO JOÃO DA BALIZA,03131,0004,0005,UE2020,123,56,0,4,183,235
1230,RR,SÃO JOÃO DA BALIZA,03131,0004,0006,UE2020,117,62,0,4,183,237
1231,RR,SÃO JOÃO DA BALIZA,03131,0004,0007,UE2020,122,60,1,2,185,237
1232,RR,SÃO JOÃO DA BALIZA,03131,0004,0008,UE2020,116,66,2,1,185,235
1233,RR,SÃO JOÃO DA BALIZA,03131,0004,0009,UE2020,114,59,2,5,180,237
1234,RR,SÃO JOÃO DA BALIZA,03131,0004,0010,UE2020,97,61,1,3,162,220
1235,RR,SÃO JOÃO DA BALIZA,03131,0004,0061,UE2020,99,143,0,2,244,281
1236,RR,SÃO JOÃO DA BALIZA,03131,0004,0072,UE2020,113,50,1,3,167,223
1237,RR,SÃO JOÃO DA BALIZA,03131,0004,0079,UE2020,114,50,0,2,166,223
1238,RR,SÃO JOÃO DA BALIZA,03131,0004,0080,UE2020,195,45,3,5,248,337
1239,RR,SÃO JOÃO DA BALIZA,03131,0004,0091,UE2020,96,57,1,3,157,211
1240,RR,SÃO JOÃO DA BALIZA,03131,0004,0093,UE2020,110,50,2,2,164,223
1241,RR,SÃO JOÃO DA BALIZA,03131,0004,0101,UE2020,100,58,2,1,161,207
1242,RR,SÃO JOÃO DA BALIZA,03131,0004,0110,UE2020,139,46,1,1,187,236
1243,RR,SÃO JOÃO DA BALIZA,03131,0004,0122,UE2020,129,49,1,2,181,230
1244,RR,SÃO JOÃO DA BALIZA,03131,0004,0129,UE2020,111,43,2,1,157,223
1245,RR,SÃO JOÃO DA BALIZA,03131,0004,0130,UE2020,116,43,0,0,159,204
1246,RR,SÃO LUIZ,03158,0004,0021,UE2020,162,32,2,0,196,284
1247,RR,SÃO LUIZ,03158,0004,0022,UE2020,161,42,0,3,206,290
1248,RR,SÃO LUIZ,03158,0004,0023,UE2020,133,40,1,6,180,273
1249,RR,SÃO LUIZ,03158,0004,0024,UE2020,145,50,1,1,197,275
1250,RR,SÃO LUIZ,03158,0004,0025,UE2020,139,48,3,4,194,279
1251,RR,SÃO LUIZ,03158,0004,0026,UE2020,129,50,1,5,185,271
1252,RR,SÃO LUIZ,03158,0004,0027,UE2020,159,50,0,7,216,324
1253,RR,SÃO LUIZ,03158,0004,0038,UE2015,92,47,0,0,139,238
1254,RR,SÃO LUIZ,03158,0004,0039,UE2015,102,31,1,2,136,234
1255,RR,SÃO LUIZ,03158,0004,0043,UE2020,163,63,1,1,228,322
1256,RR,SÃO LUIZ,03158,0004,0051,UE2020,146,40,0,0,186,277
1257,RR,SÃO LUIZ,03158,0004,0052,UE2015,95,49,1,4,149,236
1258,RR,SÃO LUIZ,03158,0004,0056,UE2015,119,67,0,4,190,264
1259,RR,SÃO LUIZ,03158,0004,0067,UE2015,1,153,0,1,155,171
1260,RR,SÃO LUIZ,03158,0004,0073,UE2020,152,38,2,6,198,293
1261,RR,SÃO LUIZ,03158,0004,0083,UE2020,190,44,1,2,237,339
1262,RR,SÃO LUIZ,03158,0004,0087,UE2015,90,42,0,0,132,240
1263,RR,SÃO LUIZ,03158,0004,0094,UE2020,174,35,0,1,210,290
1264,RR,SÃO LUIZ,03158,0004,0116,UE2020,107,33,1,4,145,212
1265,RR,SÃO LUIZ,03158,0004,0124,UE2020,166,36,0,1,203,290
1266,RR,SÃO LUIZ,03158,0004,0127,UE2015,103,59,1,1,164,268
1267,RR,SÃO LUIZ,03158,0004,0128,UE2020,126,49,0,2,177,301
